972,-961,-200.00,-200.00
966,-968,-200.00,-200.00
959,-975,-200.00,-200.00
952,-981,-200.00,-200.00
946,-988,-200.00,-200.00
939,-995,-200.00,-200.00
932,-1001,-200.00,-200.00
926,-1008,-200.00,-200.00
919,-1015,-200.00,-200.00
913,-1021,-200.00,-200.00
906,-1028,-200.00,-200.00
899,-1035,-200.00,-200.00
893,-1042,-200.00,-200.00
886,-1048,-200.00,-200.00
879,-1055,-200.00,-200.00
873,-1062,-200.00,-200.00
866,-1068,-200.00,-200.00
860,-1075,-200.00,-200.00
853,-1082,-200.00,-200.00
846,-1088,-200.00,-200.00
840,-1095,-200.00,-200.00
833,-1102,-200.00,-200.00
826,-1109,-200.00,-200.00
820,-1115,-200.00,-200.00
813,-1122,-200.00,-200.00
807,-1129,-200.00,-200.00
800,-1135,-200.00,-200.00
793,-1142,-200.00,-200.00
787,-1149,-200.00,-200.00
780,-1156,-200.00,-200.00
773,-1162,-200.00,-200.00
767,-1169,-200.00,-200.00
760,-1176,-200.00,-200.00
753,-1182,-200.00,-200.00
747,-1189,-200.00,-200.00
740,-1196,-200.00,-200.00
734,-1203,-200.00,-200.00
727,-1209,-200.00,-200.00
720,-1216,-200.00,-200.00
714,-1223,-200.00,-200.00
707,-1230,-200.00,-200.00
700,-1236,-200.00,-200.00
694,-1243,-200.00,-200.00
687,-1250,-200.00,-200.00
680,-1256,-200.00,-200.00
674,-1263,-200.00,-200.00
667,-1270,-200.00,-200.00
660,-1277,-200.00,-200.00
654,-1283,-200.00,-200.00
647,-1290,-200.00,-200.00
641,-1297,-200.00,-200.00
634,-1304,-200.00,-200.00
627,-1310,-200.00,-200.00
621,-1317,-200.00,-200.00
614,-1324,-200.00,-200.00
607,-1330,-200.00,-200.00
601,-1337,-200.00,-200.00
594,-1344,-200.00,-200.00
588,-1351,-200.00,-200.00
581,-1357,-200.00,-200.00
574,-1364,-200.00,-200.00
568,-1371,-200.00,-200.00
561,-1377,-200.00,-200.00
554,-1384,-200.00,-200.00
548,-1391,-200.00,-200.00
541,-1398,-200.00,-200.00
534,-1404,-200.00,-200.00
528,-1411,-200.00,-200.00
521,-1418,-200.00,-200.00
514,-1424,-200.00,-200.00
508,-1431,-200.00,-200.00
501,-1438,-200.00,-200.00
495,-1445,-200.00,-200.00
488,-1451,-200.00,-200.00
481,-1458,-200.00,-200.00
475,-1465,-200.00,-200.00
468,-1472,-200.00,-200.00
461,-1478,-200.00,-200.00
455,-1485,-200.00,-200.00
448,-1492,-200.00,-200.00
441,-1499,-200.00,-200.00
435,-1505,-200.00,-200.00
428,-1512,-200.00,-200.00
421,-1519,-200.00,-200.00
415,-1525,-200.00,-200.00
408,-1532,-200.00,-200.00
402,-1539,-200.00,-200.00
395,-1546,-200.00,-200.00
388,-1552,-200.00,-200.00
382,-1559,-200.00,-200.00
375,-1566,-200.00,-200.00
368,-1572,-200.00,-200.00
362,-1579,-200.00,-200.00
355,-1586,-200.00,-200.00
349,-1593,-200.00,-200.00
342,-1599,-200.00,-200.00
335,-1606,-200.00,-200.00
329,-1613,-200.00,-200.00
322,-1620,-200.00,-200.00
315,-1626,-200.00,-200.00
309,-1633,-200.00,-200.00
302,-1640,-200.00,-200.00
295,-1647,-200.00,-200.00
288,-1653,-200.00,-200.00
282,-1660,-200.00,-200.00
275,-1667,-200.00,-200.00
268,-1674,-200.00,-200.00
262,-1680,-200.00,-200.00
255,-1687,-200.00,-200.00
249,-1694,-200.00,-200.00
242,-1701,-200.00,-200.00
235,-1708,-200.00,-200.00
228,-1714,-200.00,-200.00
222,-1721,-200.00,-200.00
215,-1728,-200.00,-200.00
208,-1735,-200.00,-200.00
201,-1742,-200.00,-200.00
195,-1749,-200.00,-200.00
188,-1755,-200.00,-200.00
181,-1762,-200.00,-200.00
174,-1769,-200.00,-200.00
168,-1776,-200.00,-200.00
161,-1783,-200.00,-200.00
154,-1790,-200.00,-200.00
147,-1797,-200.00,-200.00
141,-1803,-200.00,-200.00
134,-1810,-200.00,-200.00
127,-1817,-200.00,-200.00
121,-1824,-200.00,-200.00
114,-1830,-200.00,-200.00
107,-1837,-200.00,-200.00
101,-1844,-200.00,-200.00
94,-1851,-200.00,-200.00
87,-1857,-200.00,-200.00
81,-1864,-200.00,-200.00
74,-1871,-200.00,-200.00
67,-1878,-200.00,-200.00
61,-1884,-200.00,-200.00
54,-1891,-200.00,-200.00
47,-1898,-200.00,-200.00
41,-1904,-200.00,-200.00
34,-1911,-200.00,-200.00
28,-1918,-200.00,-200.00
21,-1925,-200.00,-200.00
14,-1931,-200.00,-200.00
8,-1938,-200.00,-200.00
1,-1945,-200.00,-200.00
-6,-1952,-200.00,-200.00
-12,-1958,-200.00,-200.00
-19,-1965,-200.00,-200.00
-26,-1972,-200.00,-200.00
-33,-1979,-200.00,-200.00
-40,-1986,-200.00,-200.00
-46,-1993,-200.00,-200.00
-53,-2000,-200.00,-200.00
-60,-2007,-200.00,-200.00
-67,-2014,-200.00,-200.00
-74,-2021,-200.00,-200.00
-81,-2028,-200.00,-200.00
-88,-2034,-200.00,-200.00
-94,-2041,-200.00,-200.00
-101,-2048,-200.00,-200.00
-108,-2055,-200.00,-200.00
-114,-2062,-200.00,-200.00
-121,-2069,-200.00,-200.00
-128,-2076,-200.00,-200.00
-135,-2083,-200.00,-200.00
-142,-2089,-200.00,-200.00
-149,-2096,-200.00,-200.00
-155,-2103,-200.00,-200.00
-162,-2110,-200.00,-200.00
-169,-2117,-200.00,-200.00
-176,-2124,-200.00,-200.00
-183,-2131,-200.00,-200.00
-189,-2138,-200.00,-200.00
-196,-2145,-200.00,-200.00
-203,-2151,-200.00,-200.00
-210,-2158,-200.00,-200.00
-217,-2165,-200.00,-200.00
-223,-2172,-200.00,-200.00
-230,-2179,-200.00,-200.00
-237,-2186,-200.00,-200.00
-244,-2193,-200.00,-200.00
-251,-2200,-200.00,-200.00
-258,-2207,-200.00,-200.00
-264,-2214,-200.00,-200.00
-271,-2220,-200.00,-200.00
-278,-2227,-200.00,-200.00
-285,-2234,-200.00,-200.00
-291,-2241,-200.00,-200.00
-298,-2248,-200.00,-200.00
-305,-2255,-200.00,-200.00
-311,-2261,200.00,200.00
-318,-2268,200.00,200.00
-324,-2274,200.00,200.00
-329,-2280,200.00,200.00
-335,-2285,200.00,200.00
-340,-2291,200.00,200.00
-345,-2297,200.00,200.00
-349,-2302,200.00,200.00
-354,-2307,200.00,200.00
-358,-2312,200.00,200.00
-361,-2317,200.00,200.00
-365,-2321,200.00,200.00
-368,-2326,200.00,200.00
-371,-2330,200.00,200.00
-374,-2334,200.00,200.00
-376,-2338,200.00,200.00
-379,-2341,200.00,200.00
-381,-2345,200.00,200.00
-382,-2348,200.00,200.00
-384,-2351,200.00,200.00
-385,-2354,200.00,200.00
-386,-2357,200.00,200.00
-387,-2360,200.00,200.00
-388,-2363,200.00,200.00
-389,-2365,200.00,200.00
-389,-2368,200.00,200.00
-389,-2370,200.00,200.00
-389,-2372,200.00,200.00
-388,-2374,200.00,200.00
-388,-2376,200.00,200.00
-388,-2377,200.00,200.00
-387,-2379,200.00,200.00
-386,-2380,200.00,200.00
-385,-2381,200.00,200.00
-384,-2383,200.00,200.00
-383,-2383,200.00,200.00
-381,-2384,200.00,200.00
-380,-2385,200.00,200.00
-378,-2385,200.00,200.00
-377,-2386,200.00,200.00
-375,-2386,200.00,200.00
-373,-2386,200.00,200.00
-371,-2386,200.00,200.00
-369,-2386,200.00,200.00
-366,-2386,200.00,200.00
-364,-2385,200.00,200.00
-362,-2385,200.00,200.00
-359,-2384,200.00,200.00
-356,-2383,200.00,200.00
-354,-2382,200.00,200.00
-351,-2380,200.00,200.00
-348,-2379,200.00,200.00
-345,-2378,200.00,200.00
-342,-2376,200.00,200.00
-339,-2374,200.00,200.00
-336,-2373,200.00,200.00
-332,-2371,200.00,200.00
-329,-2369,200.00,200.00
-325,-2367,200.00,200.00
-322,-2364,200.00,200.00
-318,-2362,200.00,200.00
-315,-2360,200.00,200.00
-311,-2357,200.00,200.00
-307,-2355,200.00,200.00
-303,-2352,200.00,200.00
-299,-2349,200.00,200.00
-295,-2346,200.00,200.00
-291,-2343,200.00,200.00
-287,-2340,200.00,200.00
-283,-2337,200.00,200.00
-279,-2334,200.00,200.00
-274,-2330,200.00,200.00
-270,-2327,200.00,200.00
-266,-2324,200.00,200.00
-261,-2320,200.00,200.00
-257,-2317,200.00,200.00
-252,-2313,200.00,200.00
-248,-2309,200.00,200.00
-243,-2306,200.00,200.00
-238,-2302,200.00,200.00
-234,-2298,200.00,200.00
-229,-2294,200.00,200.00
-224,-2290,200.00,200.00
-219,-2286,200.00,200.00
-214,-2282,200.00,200.00
-209,-2277,200.00,200.00
-204,-2273,200.00,200.00
-199,-2269,200.00,200.00
-194,-2265,200.00,200.00
-189,-2260,200.00,200.00
-184,-2256,200.00,200.00
-179,-2251,200.00,200.00
-173,-2247,200.00,200.00
-168,-2242,200.00,200.00
-163,-2237,200.00,200.00
-158,-2233,200.00,200.00
-152,-2228,200.00,200.00
-147,-2223,200.00,200.00
-142,-2218,200.00,200.00
-136,-2214,200.00,200.00
-131,-2209,200.00,200.00
-125,-2204,200.00,200.00
-120,-2199,200.00,200.00
-114,-2194,200.00,200.00
-109,-2189,200.00,200.00
-103,-2184,200.00,200.00
-97,-2179,200.00,200.00
-92,-2174,200.00,200.00
-85,-2168,200.00,200.00
-79,-2162,200.00,200.00
-74,-2157,200.00,200.00
-68,-2152,200.00,200.00
-62,-2147,200.00,200.00
-54,-2139,200.00,200.00
-48,-2134,200.00,200.00
-42,-2129,200.00,200.00
-36,-2123,200.00,200.00
-30,-2118,200.00,200.00
-25,-2112,200.00,200.00
-19,-2107,200.00,200.00
-13,-2101,200.00,200.00
-7,-2096,200.00,200.00
-1,-2090,200.00,200.00
5,-2085,200.00,200.00
11,-2079,200.00,200.00
17,-2074,200.00,200.00
23,-2068,200.00,200.00
29,-2062,200.00,200.00
35,-2057,200.00,200.00
41,-2051,200.00,200.00
47,-2046,200.00,200.00
53,-2040,200.00,200.00
60,-2034,200.00,200.00
66,-2029,200.00,200.00
72,-2023,200.00,200.00
78,-2017,200.00,200.00
84,-2012,200.00,200.00
90,-2006,200.00,200.00
96,-2000,200.00,200.00
102,-1995,200.00,200.00
108,-1989,200.00,200.00
114,-1983,200.00,200.00
120,-1977,200.00,200.00
126,-1972,200.00,200.00
132,-1966,200.00,200.00
139,-1960,200.00,200.00
145,-1954,200.00,200.00
151,-1948,200.00,200.00
157,-1942,200.00,200.00
163,-1937,200.00,200.00
170,-1931,200.00,200.00
176,-1925,200.00,200.00
182,-1919,200.00,200.00
188,-1913,200.00,200.00
195,-1907,200.00,200.00
201,-1901,200.00,200.00
207,-1895,200.00,200.00
213,-1889,200.00,200.00
220,-1883,200.00,200.00
226,-1877,200.00,200.00
232,-1871,200.00,200.00
238,-1865,200.00,200.00
245,-1859,200.00,200.00
251,-1853,200.00,200.00
257,-1847,200.00,200.00
264,-1841,200.00,200.00
270,-1835,200.00,200.00
276,-1829,200.00,200.00
283,-1823,200.00,200.00
289,-1817,200.00,200.00
296,-1810,200.00,200.00
303,-1804,200.00,200.00
309,-1798,200.00,200.00
315,-1792,200.00,200.00
322,-1786,200.00,200.00
328,-1780,200.00,200.00
335,-1774,200.00,200.00
341,-1768,200.00,200.00
348,-1761,200.00,200.00
354,-1755,200.00,200.00
361,-1749,200.00,200.00
367,-1743,200.00,200.00
373,-1737,200.00,200.00
380,-1730,200.00,200.00
386,-1724,200.00,200.00
393,-1718,200.00,200.00
399,-1712,200.00,200.00
405,-1706,200.00,200.00
412,-1700,200.00,200.00
418,-1694,200.00,200.00
425,-1687,200.00,200.00
431,-1681,200.00,200.00
438,-1675,200.00,200.00
444,-1669,200.00,200.00
451,-1662,200.00,200.00
459,-1654,200.00,200.00
465,-1648,200.00,200.00
472,-1642,200.00,200.00
479,-1636,200.00,200.00
485,-1629,200.00,200.00
493,-1622,200.00,200.00
500,-1615,200.00,200.00
506,-1609,200.00,200.00
513,-1603,200.00,200.00
520,-1596,200.00,200.00
526,-1590,200.00,200.00
532,-1584,200.00,200.00
539,-1577,200.00,200.00
546,-1571,200.00,200.00
553,-1564,200.00,200.00
560,-1558,200.00,200.00
566,-1551,200.00,200.00
573,-1545,200.00,200.00
580,-1538,200.00,200.00
586,-1532,200.00,200.00
593,-1526,200.00,200.00
599,-1520,200.00,200.00
606,-1513,200.00,200.00
612,-1507,200.00,200.00
619,-1501,200.00,200.00
625,-1495,200.00,200.00
632,-1488,200.00,200.00
638,-1482,200.00,200.00
645,-1476,200.00,200.00
651,-1469,200.00,200.00
658,-1463,200.00,200.00
665,-1457,200.00,200.00
671,-1450,200.00,200.00
678,-1444,200.00,200.00
685,-1437,200.00,200.00
691,-1431,200.00,200.00
698,-1424,200.00,200.00
705,-1418,200.00,200.00
711,-1412,200.00,200.00
718,-1405,200.00,200.00
725,-1399,200.00,200.00
732,-1392,200.00,200.00
738,-1386,200.00,200.00
745,-1379,200.00,200.00
751,-1373,200.00,200.00
758,-1367,200.00,200.00
765,-1360,200.00,200.00
771,-1354,200.00,200.00
778,-1347,200.00,200.00
785,-1341,200.00,200.00
791,-1334,200.00,200.00
798,-1328,200.00,200.00
805,-1322,200.00,200.00
811,-1315,200.00,200.00
818,-1309,200.00,200.00
825,-1302,200.00,200.00
831,-1296,200.00,200.00
838,-1290,200.00,200.00
844,-1283,200.00,200.00
851,-1277,200.00,200.00
858,-1271,200.00,200.00
864,-1264,200.00,200.00
871,-1258,200.00,200.00
877,-1251,200.00,200.00
884,-1245,200.00,200.00
890,-1239,200.00,200.00
897,-1232,200.00,200.00
904,-1226,200.00,200.00
911,-1219,200.00,200.00
917,-1213,200.00,200.00
924,-1206,200.00,200.00
931,-1200,200.00,200.00
937,-1193,200.00,200.00
944,-1187,200.00,200.00
951,-1181,200.00,200.00
957,-1174,200.00,200.00
964,-1168,200.00,200.00
971,-1161,200.00,200.00
977,-1155,200.00,200.00
984,-1149,200.00,200.00
990,-1142,200.00,200.00
998,-1135,200.00,200.00
1004,-1129,200.00,200.00
1011,-1122,200.00,200.00
1018,-1116,200.00,200.00
1025,-1109,200.00,200.00
2361,185,200.00,200.00
2368,191,200.00,200.00
2375,198,200.00,200.00
2381,204,200.00,200.00
2388,211,200.00,200.00
2395,217,200.00,200.00
2401,224,200.00,200.00
2408,230,200.00,200.00
2414,236,200.00,200.00
2421,243,200.00,200.00
2427,249,200.00,200.00
2434,255,200.00,200.00
2440,262,200.00,200.00
2447,268,200.00,200.00
2454,275,200.00,200.00
2460,281,200.00,200.00
2467,287,200.00,200.00
2473,294,200.00,200.00
2480,300,200.00,200.00
2486,306,200.00,200.00
2493,313,200.00,200.00
2499,319,200.00,200.00
2506,325,200.00,200.00
2513,332,200.00,200.00
2519,338,200.00,200.00
2526,344,200.00,200.00
2532,351,200.00,200.00
2539,358,200.00,200.00
2546,364,200.00,200.00
2552,370,200.00,200.00
2559,377,200.00,200.00
2565,383,200.00,200.00
2572,389,200.00,200.00
2579,396,200.00,200.00
2585,402,200.00,200.00
2592,408,200.00,200.00
2598,415,200.00,200.00
2605,421,200.00,200.00
2612,428,200.00,200.00
2618,434,200.00,200.00
2625,440,200.00,200.00
2631,447,200.00,200.00
2638,453,200.00,200.00
2644,460,200.00,200.00
2651,466,200.00,200.00
2657,472,200.00,200.00
2664,479,200.00,200.00
2670,485,200.00,200.00
2677,491,200.00,200.00
2684,498,200.00,200.00
2691,504,200.00,200.00
2697,511,200.00,200.00
2704,517,200.00,200.00
2710,523,200.00,200.00
2717,530,200.00,200.00
2723,536,200.00,200.00
2730,542,200.00,200.00
2736,549,200.00,200.00
2743,555,200.00,200.00
2750,562,200.00,200.00
2756,568,200.00,200.00
2763,574,200.00,200.00
2769,581,200.00,200.00
2776,587,200.00,200.00
2782,593,200.00,200.00
2789,600,200.00,200.00
2795,606,200.00,200.00
2802,612,200.00,200.00
2809,619,200.00,200.00
2815,625,200.00,200.00
2822,632,200.00,200.00
2829,638,200.00,200.00
2835,645,200.00,200.00
2842,651,200.00,200.00
2848,657,200.00,200.00
2855,664,200.00,200.00
2861,670,200.00,200.00
2868,676,200.00,200.00
2874,683,200.00,200.00
2881,689,200.00,200.00
2888,696,200.00,200.00
2894,702,200.00,200.00
2901,708,200.00,200.00
2908,715,200.00,200.00
2914,721,200.00,200.00
2921,728,200.00,200.00
2927,734,200.00,200.00
2934,740,200.00,200.00
2940,747,200.00,200.00
2947,753,200.00,200.00
2953,759,200.00,200.00
2960,766,200.00,200.00
2968,774,200.00,200.00
2975,780,200.00,200.00
2981,786,200.00,200.00
2988,793,200.00,200.00
2994,799,200.00,200.00
3001,806,200.00,200.00
3008,812,200.00,200.00
3014,818,200.00,200.00
3021,825,200.00,200.00
3027,831,200.00,200.00
3034,838,200.00,200.00
3041,844,200.00,200.00
3048,851,200.00,200.00
3054,857,200.00,200.00
3061,863,200.00,200.00
3067,870,200.00,200.00
3074,876,200.00,200.00
3080,883,200.00,200.00
3087,889,200.00,200.00
3094,895,200.00,200.00
3100,902,200.00,200.00
3107,908,200.00,200.00
3113,915,200.00,200.00
3120,921,200.00,200.00
3127,927,200.00,200.00
3133,934,200.00,200.00
3139,940,200.00,200.00
3146,946,200.00,200.00
3153,953,200.00,200.00
3159,959,200.00,200.00
3166,966,200.00,200.00
3173,972,200.00,200.00
3179,979,200.00,200.00
3186,985,200.00,200.00
3193,992,200.00,200.00
3199,998,200.00,200.00
3206,1004,200.00,200.00
3212,1011,200.00,200.00
3219,1017,200.00,200.00
3225,1023,200.00,200.00
3232,1030,200.00,200.00
3239,1036,200.00,200.00
3245,1043,200.00,200.00
3252,1049,200.00,200.00
3258,1055,200.00,200.00
3265,1062,200.00,200.00
3272,1068,200.00,200.00
3278,1074,200.00,200.00
3284,1081,200.00,200.00
3291,1087,200.00,200.00
3297,1093,200.00,200.00
3304,1100,200.00,200.00
3311,1106,200.00,200.00
3317,1113,200.00,200.00
3324,1119,200.00,200.00
3330,1125,200.00,200.00
3337,1132,200.00,200.00
3343,1138,200.00,200.00
3350,1144,200.00,200.00
3356,1151,200.00,200.00
3363,1157,200.00,200.00
3370,1164,200.00,200.00
3376,1170,200.00,200.00
3383,1176,200.00,200.00
3390,1183,200.00,200.00
3396,1189,200.00,200.00
3403,1196,200.00,200.00
3410,1202,200.00,200.00
3416,1209,200.00,200.00
3422,1215,200.00,200.00
3429,1221,200.00,200.00
3435,1227,200.00,200.00
3442,1234,200.00,200.00
3449,1240,200.00,200.00
3455,1247,200.00,200.00
3462,1253,200.00,200.00
3468,1259,200.00,200.00
3475,1265,200.00,200.00
3481,1272,200.00,200.00
3488,1278,200.00,200.00
3494,1285,200.00,200.00
3501,1291,200.00,200.00
3508,1297,200.00,200.00
3514,1304,200.00,200.00
3521,1310,200.00,200.00
3528,1317,200.00,200.00
3534,1323,200.00,200.00
3541,1329,200.00,200.00
3547,1336,200.00,200.00
3554,1342,200.00,200.00
3560,1348,200.00,200.00
3567,1355,200.00,200.00
3573,1361,200.00,200.00
3580,1368,200.00,200.00
3586,1374,200.00,200.00
3593,1380,200.00,200.00
3600,1387,200.00,200.00
3606,1393,200.00,200.00
3612,1399,200.00,200.00
3619,1406,200.00,200.00
3626,1412,200.00,200.00
3632,1419,200.00,200.00
3639,1425,200.00,200.00
3645,1431,200.00,200.00
3652,1438,200.00,200.00
3659,1444,200.00,200.00
3665,1451,200.00,200.00
3672,1457,200.00,200.00
3679,1464,200.00,200.00
3685,1470,200.00,200.00
3692,1476,200.00,200.00
3698,1483,200.00,200.00
3705,1490,200.00,200.00
3712,1496,200.00,200.00
3719,1502,200.00,200.00
3725,1509,200.00,200.00
3732,1515,200.00,200.00
3739,1522,200.00,200.00
3745,1528,200.00,200.00
3752,1535,200.00,200.00
3759,1541,200.00,200.00
3765,1548,200.00,200.00
3772,1554,200.00,200.00
3778,1560,200.00,200.00
3785,1566,200.00,200.00
3791,1573,200.00,200.00
3798,1579,200.00,200.00
3805,1586,200.00,200.00
3811,1592,200.00,200.00
3818,1599,200.00,200.00
3824,1605,200.00,200.00
3831,1612,200.00,200.00
3838,1618,200.00,200.00
3844,1624,200.00,200.00
3851,1631,200.00,200.00
3857,1637,200.00,200.00
3864,1643,200.00,200.00
3871,1650,200.00,200.00
3877,1656,200.00,200.00
3884,1662,200.00,200.00
3890,1669,200.00,200.00
3897,1675,200.00,200.00
3903,1682,200.00,200.00
3910,1688,200.00,200.00
3916,1694,200.00,200.00
3923,1700,200.00,200.00
3930,1707,200.00,200.00
3936,1713,200.00,200.00
3943,1720,200.00,200.00
3949,1726,200.00,200.00
3956,1733,200.00,200.00
3962,1739,200.00,200.00
3969,1745,200.00,200.00
3976,1752,200.00,200.00
3982,1758,200.00,200.00
3989,1764,200.00,200.00
3995,1771,200.00,200.00
4002,1777,200.00,200.00
4008,1783,200.00,200.00
4015,1790,200.00,200.00
4022,1796,200.00,200.00
4028,1803,200.00,200.00
4035,1809,200.00,200.00
4042,1816,200.00,200.00
4048,1822,200.00,200.00
4055,1828,200.00,200.00
4061,1835,200.00,200.00
4068,1841,200.00,200.00
4074,1848,200.00,200.00
4081,1854,200.00,200.00
4088,1860,200.00,200.00
4094,1867,200.00,200.00
4101,1873,200.00,200.00
4107,1879,200.00,200.00
4114,1886,200.00,200.00
4120,1892,200.00,200.00
4127,1898,200.00,200.00
4133,1905,200.00,200.00
4140,1911,200.00,200.00
4147,1918,200.00,200.00
4153,1924,200.00,200.00
4160,1931,200.00,200.00
4166,1937,200.00,200.00
4173,1943,200.00,200.00
4180,1950,200.00,200.00
4186,1956,200.00,200.00
4193,1963,200.00,200.00
4200,1970,200.00,200.00
4207,1976,200.00,200.00
4213,1982,200.00,200.00
4220,1988,200.00,200.00
4226,1995,200.00,200.00
4233,2001,200.00,200.00
4239,2008,200.00,200.00
4246,2014,200.00,200.00
4252,2021,200.00,200.00
4259,2027,200.00,200.00
4266,2033,200.00,200.00
4273,2040,200.00,200.00
4279,2047,200.00,200.00
4286,2053,200.00,200.00
4292,2059,200.00,200.00
4299,2065,200.00,200.00
4305,2072,200.00,200.00
4312,2078,200.00,200.00
4319,2085,200.00,200.00
4325,2091,200.00,200.00
4332,2098,200.00,200.00
4338,2104,200.00,200.00
4345,2111,200.00,200.00
4352,2117,200.00,200.00
4358,2124,200.00,200.00
4365,2130,200.00,200.00
4371,2136,200.00,200.00
4378,2142,200.00,200.00
4385,2149,200.00,200.00
4391,2156,200.00,200.00
4398,2162,200.00,200.00
4404,2168,200.00,200.00
4411,2175,200.00,200.00
4418,2181,200.00,200.00
4424,2188,200.00,200.00
4431,2194,200.00,200.00
4437,2200,200.00,200.00
4444,2206,200.00,200.00
4450,2213,200.00,200.00
4457,2219,200.00,200.00
4463,2226,200.00,200.00
4470,2232,200.00,200.00
4477,2238,200.00,200.00
4483,2245,200.00,200.00
4490,2251,200.00,200.00
4497,2258,200.00,200.00
4504,2265,200.00,200.00
4510,2271,200.00,200.00
4517,2277,200.00,200.00
4523,2284,200.00,200.00
4530,2290,200.00,200.00
4536,2296,200.00,200.00
4543,2303,200.00,200.00
4549,2309,200.00,200.00
4556,2316,200.00,200.00
4563,2322,200.00,200.00
4569,2329,200.00,200.00
4576,2335,200.00,200.00
4583,2341,200.00,200.00
4589,2348,200.00,200.00
4595,2354,200.00,200.00
4602,2360,200.00,200.00
4608,2367,200.00,200.00
4615,2373,200.00,200.00
4622,2380,200.00,200.00
4628,2386,200.00,200.00
4635,2392,200.00,200.00
4642,2399,200.00,200.00
4648,2405,200.00,200.00
4655,2412,200.00,200.00
4661,2418,200.00,200.00
4668,2424,200.00,200.00
4674,2431,200.00,200.00
4681,2437,200.00,200.00
4688,2444,200.00,200.00
4694,2450,200.00,200.00
4701,2456,200.00,200.00
4707,2463,200.00,200.00
4714,2469,200.00,200.00
4720,2475,200.00,200.00
4727,2482,200.00,200.00
4733,2488,200.00,200.00
4740,2495,200.00,200.00
4746,2501,200.00,200.00
4753,2507,200.00,200.00
4760,2514,200.00,200.00
4767,2520,200.00,200.00
4773,2527,200.00,200.00
4780,2533,200.00,200.00
4786,2539,200.00,200.00
4793,2546,200.00,200.00
4799,2552,200.00,200.00
4806,2558,200.00,200.00
4812,2565,200.00,200.00
4819,2571,200.00,200.00
4825,2578,200.00,200.00
4832,2584,200.00,200.00
4839,2590,200.00,200.00
4845,2597,200.00,200.00
4852,2603,200.00,200.00
4858,2609,200.00,200.00
4865,2616,200.00,200.00
4871,2622,200.00,200.00
4878,2628,200.00,200.00
4884,2635,200.00,200.00
4891,2641,200.00,200.00
4897,2648,200.00,200.00
4904,2654,200.00,200.00
4910,2660,200.00,200.00
4917,2666,200.00,200.00
4923,2673,200.00,200.00
4930,2679,200.00,200.00
4936,2685,200.00,200.00
4943,2692,200.00,200.00
4950,2698,200.00,200.00
4956,2705,200.00,200.00
4963,2711,200.00,200.00
4969,2718,200.00,200.00
4976,2724,200.00,200.00
4983,2730,200.00,200.00
4989,2737,200.00,200.00
4996,2743,200.00,200.00
5002,2750,200.00,200.00
5009,2756,200.00,200.00
5016,2763,200.00,200.00
5022,2769,200.00,200.00
5029,2775,200.00,200.00
5035,2782,200.00,200.00
5042,2788,200.00,200.00
5048,2794,200.00,200.00
5055,2801,200.00,200.00
5061,2807,200.00,200.00
5068,2813,200.00,200.00
5075,2820,200.00,200.00
5081,2826,200.00,200.00
5088,2833,200.00,200.00
5094,2839,200.00,200.00
5101,2846,200.00,200.00
5108,2852,200.00,200.00
5115,2859,200.00,200.00
5121,2865,200.00,200.00
5128,2872,200.00,200.00
5134,2878,200.00,200.00
5141,2884,200.00,200.00
5147,2891,200.00,200.00
5154,2897,200.00,200.00
5161,2904,200.00,200.00
5167,2910,200.00,200.00
5174,2916,200.00,200.00
5180,2923,200.00,200.00
5187,2929,200.00,200.00
5193,2935,200.00,200.00
5200,2942,200.00,200.00
5206,2948,200.00,200.00
5213,2955,200.00,200.00
5220,2961,200.00,200.00
5226,2968,200.00,200.00
5233,2974,200.00,200.00
5239,2980,200.00,200.00
5246,2986,200.00,200.00
5252,2993,200.00,200.00
5259,2999,200.00,200.00
5265,3006,200.00,200.00
5272,3012,200.00,200.00
5279,3018,200.00,200.00
5285,3025,200.00,200.00
5292,3031,200.00,200.00
5298,3037,200.00,200.00
5305,3044,200.00,200.00
5311,3050,200.00,200.00
5318,3056,200.00,200.00
5325,3063,200.00,200.00
5331,3070,200.00,200.00
5338,3076,200.00,200.00
5345,3082,200.00,200.00
5351,3089,200.00,200.00
5358,3095,200.00,200.00
5364,3102,200.00,200.00
5371,3108,200.00,200.00
5378,3115,200.00,200.00
5384,3121,200.00,200.00
5391,3127,200.00,200.00
5397,3134,200.00,200.00
5404,3140,200.00,200.00
5410,3146,200.00,200.00
5417,3153,200.00,200.00
5424,3159,200.00,200.00
5430,3166,200.00,200.00
5437,3172,200.00,200.00
5444,3179,200.00,200.00
5450,3185,-200.00,-200.00
5457,3191,-200.00,-200.00
5463,3197,-200.00,-200.00
5469,3203,-200.00,-200.00
5475,3208,-200.00,-200.00
5481,3213,-200.00,-200.00
5486,3218,-200.00,-200.00
5492,3223,-200.00,-200.00
5497,3227,-200.00,-200.00
5501,3231,-200.00,-200.00
5506,3235,-200.00,-200.00
5511,3238,-200.00,-200.00
5515,3241,-200.00,-200.00
5519,3244,-200.00,-200.00
5523,3247,-200.00,-200.00
5527,3249,-200.00,-200.00
5531,3252,-200.00,-200.00
5534,3254,-200.00,-200.00
5538,3255,-200.00,-200.00
5541,3257,-200.00,-200.00
5544,3258,-200.00,-200.00
5547,3260,-200.00,-200.00
5550,3261,-200.00,-200.00
5552,3261,-200.00,-200.00
5555,3262,-200.00,-200.00
5557,3262,-200.00,-200.00
5559,3262,-200.00,-200.00
5561,3262,-200.00,-200.00
5563,3262,-200.00,-200.00
5565,3262,-200.00,-200.00
5566,3261,-200.00,-200.00
5567,3261,-200.00,-200.00
5569,3260,-200.00,-200.00
5570,3259,-200.00,-200.00
5571,3259,-200.00,-200.00
5572,3257,-200.00,-200.00
5572,3256,-200.00,-200.00
5573,3255,-200.00,-200.00
5573,3254,-200.00,-200.00
5573,3252,-200.00,-200.00
5573,3251,-200.00,-200.00
5573,3249,-200.00,-200.00
5573,3247,-200.00,-200.00
5572,3245,-200.00,-200.00
5572,3243,-200.00,-200.00
5571,3241,-200.00,-200.00
5570,3239,-200.00,-200.00
5569,3236,-200.00,-200.00
5568,3234,-200.00,-200.00
5567,3231,-200.00,-200.00
5566,3229,-200.00,-200.00
5564,3226,-200.00,-200.00
5563,3223,-200.00,-200.00
5561,3220,-200.00,-200.00
5559,3218,-200.00,-200.00
5557,3215,-200.00,-200.00
5555,3212,-200.00,-200.00
5553,3208,-200.00,-200.00
5551,3205,-200.00,-200.00
5549,3202,-200.00,-200.00
5546,3198,-200.00,-200.00
5544,3195,-200.00,-200.00
5541,3191,-200.00,-200.00
5538,3188,-200.00,-200.00
5535,3184,-200.00,-200.00
5532,3180,-200.00,-200.00
5529,3177,-200.00,-200.00
5526,3173,-200.00,-200.00
5523,3169,-200.00,-200.00
5520,3165,-200.00,-200.00
5516,3161,-200.00,-200.00
5513,3157,-200.00,-200.00
5509,3153,-200.00,-200.00
5506,3149,-200.00,-200.00
5502,3144,-200.00,-200.00
5498,3140,-200.00,-200.00
5495,3136,-200.00,-200.00
5491,3132,-200.00,-200.00
5487,3127,-200.00,-200.00
5483,3123,-200.00,-200.00
5479,3118,-200.00,-200.00
5475,3114,-200.00,-200.00
5471,3109,-200.00,-200.00
5466,3105,-200.00,-200.00
5462,3100,-200.00,-200.00
5458,3095,-200.00,-200.00
5453,3090,-200.00,-200.00
5449,3086,-200.00,-200.00
5444,3081,-200.00,-200.00
5440,3076,-200.00,-200.00
5435,3071,-200.00,-200.00
5431,3066,-200.00,-200.00
5426,3061,-200.00,-200.00
5421,3056,-200.00,-200.00
5416,3051,-200.00,-200.00
5412,3046,-200.00,-200.00
5407,3041,-200.00,-200.00
5402,3036,-200.00,-200.00
5397,3031,-200.00,-200.00
5392,3025,-200.00,-200.00
5387,3020,-200.00,-200.00
5382,3015,-200.00,-200.00
5377,3010,-200.00,-200.00
5372,3005,-200.00,-200.00
5367,2999,-200.00,-200.00
5362,2994,-200.00,-200.00
5357,2989,-200.00,-200.00
5352,2983,-200.00,-200.00
5346,2978,-200.00,-200.00
5341,2972,-200.00,-200.00
5336,2967,-200.00,-200.00
5330,2961,-200.00,-200.00
5325,2956,-200.00,-200.00
5320,2950,-200.00,-200.00
5314,2945,-200.00,-200.00
5309,2939,-200.00,-200.00
5303,2933,-200.00,-200.00
5298,2928,-200.00,-200.00
5292,2922,-200.00,-200.00
5287,2916,-200.00,-200.00
5281,2911,-200.00,-200.00
5275,2905,-200.00,-200.00
5270,2899,-200.00,-200.00
5264,2894,-200.00,-200.00
5259,2888,-200.00,-200.00
5253,2882,-200.00,-200.00
5247,2876,-200.00,-200.00
5242,2871,-200.00,-200.00
5236,2865,-200.00,-200.00
5230,2859,-200.00,-200.00
5225,2853,-200.00,-200.00
5219,2847,-200.00,-200.00
5213,2842,-200.00,-200.00
5207,2836,-200.00,-200.00
5201,2830,-200.00,-200.00
5196,2824,-200.00,-200.00
5190,2818,-200.00,-200.00
5184,2812,-200.00,-200.00
5178,2806,-200.00,-200.00
5172,2800,-200.00,-200.00
5166,2794,-200.00,-200.00
5160,2788,-200.00,-200.00
5154,2782,-200.00,-200.00
5148,2776,-200.00,-200.00
5142,2770,-200.00,-200.00
5136,2764,-200.00,-200.00
5130,2757,-200.00,-200.00
5124,2751,-200.00,-200.00
5118,2745,-200.00,-200.00
5112,2739,-200.00,-200.00
5106,2733,-200.00,-200.00
5100,2727,-200.00,-200.00
5094,2721,-200.00,-200.00
5088,2715,-200.00,-200.00
5081,2709,-200.00,-200.00
5075,2702,-200.00,-200.00
5069,2696,-200.00,-200.00
5063,2690,-200.00,-200.00
5057,2684,-200.00,-200.00
5051,2677,-200.00,-200.00
5044,2671,-200.00,-200.00
5038,2665,-200.00,-200.00
5032,2659,-200.00,-200.00
5026,2652,-200.00,-200.00
5019,2646,-200.00,-200.00
5013,2640,-200.00,-200.00
5007,2633,-200.00,-200.00
5001,2627,-200.00,-200.00
4995,2621,-200.00,-200.00
4988,2615,-200.00,-200.00
4982,2608,-200.00,-200.00
4975,2602,-200.00,-200.00
4969,2596,-200.00,-200.00
4963,2589,-200.00,-200.00
4957,2583,-200.00,-200.00
4951,2577,-200.00,-200.00
4944,2570,-200.00,-200.00
4938,2564,-200.00,-200.00
4932,2558,-200.00,-200.00
4925,2551,-200.00,-200.00
4919,2545,-200.00,-200.00
4913,2538,-200.00,-200.00
4906,2532,-200.00,-200.00
4900,2526,-200.00,-200.00
4894,2519,-200.00,-200.00
4887,2513,-200.00,-200.00
4881,2506,-200.00,-200.00
4875,2500,-200.00,-200.00
4868,2493,-200.00,-200.00
4862,2487,-200.00,-200.00
4855,2481,-200.00,-200.00
4849,2474,-200.00,-200.00
4843,2468,-200.00,-200.00
4836,2461,-200.00,-200.00
4830,2455,-200.00,-200.00
4823,2448,-200.00,-200.00
4817,2442,-200.00,-200.00
4810,2435,-200.00,-200.00
4804,2429,-200.00,-200.00
4797,2422,-200.00,-200.00
4791,2416,-200.00,-200.00
4785,2409,-200.00,-200.00
4778,2403,-200.00,-200.00
4772,2396,-200.00,-200.00
4765,2390,-200.00,-200.00
4759,2383,-200.00,-200.00
4752,2377,-200.00,-200.00
4746,2370,-200.00,-200.00
4740,2364,-200.00,-200.00
4733,2357,-200.00,-200.00
4727,2351,-200.00,-200.00
4720,2344,-200.00,-200.00
4714,2338,-200.00,-200.00
4707,2331,-200.00,-200.00
4701,2325,-200.00,-200.00
4695,2318,-200.00,-200.00
4688,2312,-200.00,-200.00
4682,2305,-200.00,-200.00
4675,2299,-200.00,-200.00
4669,2292,-200.00,-200.00
4662,2286,-200.00,-200.00
4656,2279,-200.00,-200.00
4649,2273,-200.00,-200.00
4643,2266,-200.00,-200.00
4636,2259,-200.00,-200.00
4630,2253,-200.00,-200.00
4623,2246,-200.00,-200.00
4617,2240,-200.00,-200.00
4610,2233,-200.00,-200.00
4604,2227,-200.00,-200.00
4597,2220,-200.00,-200.00
4591,2213,-200.00,-200.00
4584,2207,-200.00,-200.00
4578,2200,-200.00,-200.00
4571,2194,-200.00,-200.00
4565,2187,-200.00,-200.00
4558,2180,-200.00,-200.00
4552,2174,-200.00,-200.00
4545,2167,-200.00,-200.00
4539,2161,-200.00,-200.00
4532,2154,-200.00,-200.00
4526,2147,-200.00,-200.00
4519,2141,-200.00,-200.00
4512,2134,-200.00,-200.00
4506,2127,-200.00,-200.00
4499,2121,-200.00,-200.00
4493,2114,-200.00,-200.00
4486,2108,-200.00,-200.00
4480,2101,-200.00,-200.00
4473,2094,-200.00,-200.00
4466,2087,-200.00,-200.00
4460,2081,-200.00,-200.00
4453,2074,-200.00,-200.00
4447,2068,-200.00,-200.00
4440,2061,-200.00,-200.00
4434,2054,-200.00,-200.00
4427,2048,-200.00,-200.00
4421,2041,-200.00,-200.00
4414,2034,-200.00,-200.00
4407,2027,-200.00,-200.00
4401,2021,-200.00,-200.00
4394,2014,-200.00,-200.00
4388,2008,-200.00,-200.00
4381,2001,-200.00,-200.00
4375,1994,-200.00,-200.00
4368,1988,-200.00,-200.00
4362,1981,-200.00,-200.00
4355,1974,-200.00,-200.00
4348,1968,-200.00,-200.00
4342,1961,-200.00,-200.00
4335,1954,-200.00,-200.00
4329,1948,-200.00,-200.00
4322,1941,-200.00,-200.00
4316,1934,-200.00,-200.00
4309,1928,-200.00,-200.00
4302,1921,-200.00,-200.00
4296,1914,-200.00,-200.00
4289,1908,-200.00,-200.00
4283,1901,-200.00,-200.00
4276,1894,-200.00,-200.00
4269,1888,-200.00,-200.00
4263,1881,-200.00,-200.00
4256,1874,-200.00,-200.00
4250,1867,-200.00,-200.00
4243,1861,-200.00,-200.00
4236,1854,-200.00,-200.00
4230,1847,-200.00,-200.00
4223,1841,-200.00,-200.00
4217,1834,-200.00,-200.00
4210,1827,-200.00,-200.00
4204,1821,-200.00,-200.00
4197,1814,-200.00,-200.00
4190,1807,-200.00,-200.00
4184,1801,-200.00,-200.00
4177,1794,-200.00,-200.00
4171,1787,-200.00,-200.00
4164,1781,-200.00,-200.00
4157,1774,-200.00,-200.00
4151,1767,-200.00,-200.00
4144,1761,-200.00,-200.00
4138,1754,-200.00,-200.00
4131,1747,-200.00,-200.00
4125,1741,-200.00,-200.00
4118,1734,-200.00,-200.00
4111,1727,-200.00,-200.00
4105,1720,-200.00,-200.00
4098,1714,-200.00,-200.00
4091,1707,-200.00,-200.00
4085,1700,-200.00,-200.00
4078,1694,-200.00,-200.00
4072,1687,-200.00,-200.00
4065,1680,-200.00,-200.00
4059,1674,-200.00,-200.00
4052,1667,-200.00,-200.00
4045,1660,-200.00,-200.00
4039,1654,-200.00,-200.00
4032,1647,-200.00,-200.00
4026,1640,-200.00,-200.00
4019,1634,-200.00,-200.00
4012,1627,-200.00,-200.00
4006,1620,-200.00,-200.00
3999,1613,-200.00,-200.00
3993,1607,-200.00,-200.00
3986,1600,-200.00,-200.00
3979,1593,-200.00,-200.00
3973,1587,-200.00,-200.00
3966,1580,-200.00,-200.00
3960,1573,-200.00,-200.00
3953,1567,-200.00,-200.00
3947,1560,-200.00,-200.00
3940,1553,-200.00,-200.00
3933,1547,-200.00,-200.00
3927,1540,-200.00,-200.00
3920,1533,-200.00,-200.00
3914,1527,-200.00,-200.00
3907,1520,-200.00,-200.00
3900,1513,-200.00,-200.00
3894,1507,-200.00,-200.00
3887,1500,-200.00,-200.00
3880,1493,-200.00,-200.00
3874,1486,-200.00,-200.00
3867,1479,-200.00,-200.00
3861,1473,-200.00,-200.00
3854,1466,-200.00,-200.00
3847,1459,-200.00,-200.00
3841,1453,-200.00,-200.00
3834,1446,-200.00,-200.00
3828,1439,-200.00,-200.00
3821,1432,-200.00,-200.00
3814,1425,-200.00,-200.00
3807,1419,-200.00,-200.00
3801,1412,-200.00,-200.00
3794,1405,-200.00,-200.00
3788,1399,-200.00,-200.00
3781,1392,-200.00,-200.00
3774,1385,-200.00,-200.00
3768,1379,-200.00,-200.00
3761,1372,-200.00,-200.00
3755,1365,-200.00,-200.00
3748,1359,-200.00,-200.00
3741,1352,-200.00,-200.00
3735,1345,-200.00,-200.00
3728,1338,-200.00,-200.00
3721,1332,-200.00,-200.00
3714,1324,-200.00,-200.00
3708,1318,-200.00,-200.00
3701,1311,-200.00,-200.00
3695,1305,-200.00,-200.00
3688,1298,-200.00,-200.00
3682,1291,-200.00,-200.00
3675,1285,-200.00,-200.00
3668,1278,-200.00,-200.00
3662,1271,-200.00,-200.00
3655,1264,-200.00,-200.00
3649,1258,-200.00,-200.00
3642,1251,-200.00,-200.00
3635,1244,-200.00,-200.00
3628,1237,-200.00,-200.00
3622,1231,-200.00,-200.00
3615,1224,-200.00,-200.00
3609,1217,-200.00,-200.00
3602,1210,-200.00,-200.00
3595,1204,-200.00,-200.00
3589,1197,-200.00,-200.00
3582,1190,-200.00,-200.00
3576,1184,-200.00,-200.00
3569,1177,-200.00,-200.00
3562,1170,-200.00,-200.00
3556,1164,-200.00,-200.00
3549,1157,-200.00,-200.00
3543,1150,-200.00,-200.00
3536,1144,-200.00,-200.00
3529,1137,-200.00,-200.00
3523,1130,-200.00,-200.00
3516,1123,-200.00,-200.00
3510,1117,-200.00,-200.00
3503,1110,-200.00,-200.00
3496,1103,-200.00,-200.00
3490,1097,-200.00,-200.00
3483,1090,-200.00,-200.00
3476,1083,-200.00,-200.00
3470,1076,-200.00,-200.00
3463,1070,-200.00,-200.00
3457,1063,-200.00,-200.00
3450,1056,-200.00,-200.00
3443,1049,-200.00,-200.00
3437,1043,-200.00,-200.00
3430,1036,-200.00,-200.00
3423,1029,-200.00,-200.00
3417,1023,-200.00,-200.00
3410,1016,-200.00,-200.00
3403,1009,-200.00,-200.00
3397,1002,-200.00,-200.00
3390,996,-200.00,-200.00
3384,989,-200.00,-200.00
3377,982,-200.00,-200.00
3370,976,-200.00,-200.00
3364,969,-200.00,-200.00
3357,962,-200.00,-200.00
3351,955,-200.00,-200.00
3344,949,-200.00,-200.00
3337,942,-200.00,-200.00
3330,935,-200.00,-200.00
3324,929,-200.00,-200.00
3317,922,-200.00,-200.00
3311,915,-200.00,-200.00
3304,908,-200.00,-200.00
3297,901,-200.00,-200.00
3290,895,-200.00,-200.00
3284,888,-200.00,-200.00
3277,881,-200.00,-200.00
3271,875,-200.00,-200.00
3264,868,-200.00,-200.00
3258,861,-200.00,-200.00
3251,855,-200.00,-200.00
3244,848,-200.00,-200.00
3238,841,-200.00,-200.00
3231,834,-200.00,-200.00
3225,828,-200.00,-200.00
3218,821,-200.00,-200.00
3211,814,-200.00,-200.00
3205,808,-200.00,-200.00
3198,801,-200.00,-200.00
3191,794,-200.00,-200.00
3185,787,-200.00,-200.00
3178,781,-200.00,-200.00
3171,774,-200.00,-200.00
3165,767,-200.00,-200.00
3158,760,-200.00,-200.00
3151,754,-200.00,-200.00
3145,747,-200.00,-200.00
3138,740,-200.00,-200.00
3132,733,-200.00,-200.00
3125,727,-200.00,-200.00
3118,720,-200.00,-200.00
3112,713,-200.00,-200.00
3105,707,-200.00,-200.00
3098,700,-200.00,-200.00
3092,693,-200.00,-200.00
3085,686,-200.00,-200.00
3078,679,-200.00,-200.00
3072,673,-200.00,-200.00
3065,666,-200.00,-200.00
3059,659,-200.00,-200.00
3052,653,-200.00,-200.00
3045,646,-200.00,-200.00
3039,639,-200.00,-200.00
3032,633,-200.00,-200.00
3025,626,-200.00,-200.00
3019,619,-200.00,-200.00
3012,612,-200.00,-200.00
3005,605,-200.00,-200.00
2999,599,-200.00,-200.00
2992,592,-200.00,-200.00
2986,585,-200.00,-200.00
2979,579,-200.00,-200.00
2972,572,-200.00,-200.00
2966,565,-200.00,-200.00
2959,558,-200.00,-200.00
2952,552,-200.00,-200.00
2946,545,-200.00,-200.00
2939,538,-200.00,-200.00
2933,531,-200.00,-200.00
2926,525,-200.00,-200.00
2919,518,-200.00,-200.00
2913,511,-200.00,-200.00
2906,505,-200.00,-200.00
2899,498,-200.00,-200.00
2893,491,-200.00,-200.00
2886,484,-200.00,-200.00
2880,478,-200.00,-200.00
2873,471,-200.00,-200.00
2866,464,-200.00,-200.00
2860,457,-200.00,-200.00
2853,451,-200.00,-200.00
2846,444,-200.00,-200.00
2840,437,-200.00,-200.00
2833,431,-200.00,-200.00
2827,424,-200.00,-200.00
2820,417,-200.00,-200.00
2813,410,-200.00,-200.00
2807,404,-200.00,-200.00
2800,397,-200.00,-200.00
2793,390,-200.00,-200.00
2787,383,-200.00,-200.00
2780,377,-200.00,-200.00
2773,370,-200.00,-200.00
2767,363,-200.00,-200.00
2760,356,-200.00,-200.00
2753,350,-200.00,-200.00
2747,343,-200.00,-200.00
2740,336,-200.00,-200.00
2734,329,-200.00,-200.00
2727,323,-200.00,-200.00
2720,316,-200.00,-200.00
2714,309,-200.00,-200.00
2707,303,-200.00,-200.00
2701,296,-200.00,-200.00
2694,289,-200.00,-200.00
2687,282,-200.00,-200.00
2681,276,-200.00,-200.00
2674,269,-200.00,-200.00
2667,262,-200.00,-200.00
2661,256,-200.00,-200.00
2654,249,-200.00,-200.00
2648,242,-200.00,-200.00
2641,235,-200.00,-200.00
2634,229,-200.00,-200.00
2628,222,-200.00,-200.00
2621,215,-200.00,-200.00
2615,209,-200.00,-200.00
2608,202,-200.00,-200.00
2601,195,-200.00,-200.00
2595,188,-200.00,-200.00
2588,182,-200.00,-200.00
2581,175,-200.00,-200.00
2575,168,-200.00,-200.00
2568,161,-200.00,-200.00
2561,155,-200.00,-200.00
2555,148,-200.00,-200.00
2548,141,-200.00,-200.00
2542,135,-200.00,-200.00
2535,128,-200.00,-200.00
2528,121,-200.00,-200.00
2522,114,-200.00,-200.00
2515,108,-200.00,-200.00
2509,101,-200.00,-200.00
2502,94,-200.00,-200.00
2496,88,-200.00,-200.00
2489,81,-200.00,-200.00
2482,74,-200.00,-200.00
2476,67,-200.00,-200.00
2469,61,-200.00,-200.00
2462,54,-200.00,-200.00
2456,47,-200.00,-200.00
2449,40,-200.00,-200.00
2442,34,-200.00,-200.00
2436,27,-200.00,-200.00
2429,20,-200.00,-200.00
2423,14,-200.00,-200.00
2416,7,-200.00,-200.00
2409,0,-200.00,-200.00
2402,-7,-200.00,-200.00
2396,-14,-200.00,-200.00
2389,-20,-200.00,-200.00
2382,-27,-200.00,-200.00
2376,-34,-200.00,-200.00
2369,-41,-200.00,-200.00
2363,-47,-200.00,-200.00
2356,-54,-200.00,-200.00
2349,-61,-200.00,-200.00
2342,-68,-200.00,-200.00
2336,-75,-200.00,-200.00
2329,-82,-200.00,-200.00
2322,-88,-200.00,-200.00
2316,-95,-200.00,-200.00
2309,-102,-200.00,-200.00
2302,-109,-200.00,-200.00
2296,-115,-200.00,-200.00
2289,-122,-200.00,-200.00
2283,-129,-200.00,-200.00
2276,-135,-200.00,-200.00
2269,-142,-200.00,-200.00
2263,-149,-200.00,-200.00
2256,-155,-200.00,-200.00
2250,-162,-200.00,-200.00
2243,-169,-200.00,-200.00
2236,-176,-200.00,-200.00
2230,-182,-200.00,-200.00
2223,-189,-200.00,-200.00
2216,-196,-200.00,-200.00
2210,-203,-200.00,-200.00
2203,-209,-200.00,-200.00
2196,-216,-200.00,-200.00
2190,-223,-200.00,-200.00
2183,-229,-200.00,-200.00
2177,-236,-200.00,-200.00
2170,-243,-200.00,-200.00
2163,-250,-200.00,-200.00
2157,-256,-200.00,-200.00
2150,-263,-200.00,-200.00
2143,-270,-200.00,-200.00
2137,-277,-200.00,-200.00
2130,-283,-200.00,-200.00
2123,-290,-200.00,-200.00
2117,-297,-200.00,-200.00
2110,-303,-200.00,-200.00
2103,-310,-200.00,-200.00
2097,-317,-200.00,-200.00
2090,-324,-200.00,-200.00
2084,-330,-200.00,-200.00
2077,-337,-200.00,-200.00
2070,-344,-200.00,-200.00
2064,-350,-200.00,-200.00
2057,-357,-200.00,-200.00
2050,-364,-200.00,-200.00
2044,-371,-200.00,-200.00
2037,-377,-200.00,-200.00
2031,-384,-200.00,-200.00
2024,-391,-200.00,-200.00
2017,-398,-200.00,-200.00
2010,-405,-200.00,-200.00
2003,-412,-200.00,-200.00
1997,-418,-200.00,-200.00
1990,-425,-200.00,-200.00
1983,-432,-200.00,-200.00
1977,-439,-200.00,-200.00
1970,-445,-200.00,-200.00
1963,-452,-200.00,-200.00
1956,-459,-200.00,-200.00
1950,-466,-200.00,-200.00
1943,-473,-200.00,-200.00
1936,-480,-200.00,-200.00
1928,-488,-200.00,-200.00
1921,-495,-200.00,-200.00
1915,-501,-200.00,-200.00
1908,-508,-200.00,-200.00
1901,-515,-200.00,-200.00
1894,-522,-200.00,-200.00
1888,-529,-200.00,-200.00
1881,-536,-200.00,-200.00
1874,-542,-200.00,-200.00
1867,-549,-200.00,-200.00
1861,-556,-200.00,-200.00
1854,-563,-200.00,-200.00
1847,-569,-200.00,-200.00
1841,-576,-200.00,-200.00
1834,-583,-200.00,-200.00
1827,-590,-200.00,-200.00
1820,-597,-200.00,-200.00
1814,-604,-200.00,-200.00
1807,-610,-200.00,-200.00
1800,-617,-200.00,-200.00
1794,-624,-200.00,-200.00
1787,-631,-200.00,-200.00
1780,-637,-200.00,-200.00
1774,-644,-200.00,-200.00
1767,-651,-200.00,-200.00
1760,-658,-200.00,-200.00
1754,-664,-200.00,-200.00
1747,-671,-200.00,-200.00
1740,-678,-200.00,-200.00
1734,-684,-200.00,-200.00
1727,-691,-200.00,-200.00
1721,-698,-200.00,-200.00
1714,-705,-200.00,-200.00
1707,-711,-200.00,-200.00
1701,-718,-200.00,-200.00
1694,-725,-200.00,-200.00
1687,-731,-200.00,-200.00
1681,-738,-200.00,-200.00
1674,-745,-200.00,-200.00
1667,-752,-200.00,-200.00
1661,-758,-200.00,-200.00
1654,-765,-200.00,-200.00
1647,-772,-200.00,-200.00
1641,-779,-200.00,-200.00
1634,-786,-200.00,-200.00
1627,-792,-200.00,-200.00
1621,-799,-200.00,-200.00
1614,-806,-200.00,-200.00
1608,-812,-200.00,-200.00
1601,-819,-200.00,-200.00
1594,-826,-200.00,-200.00
1588,-833,-200.00,-200.00
1581,-839,-200.00,-200.00
1574,-846,-200.00,-200.00
1567,-853,-200.00,-200.00
1561,-860,-200.00,-200.00
1554,-867,-200.00,-200.00
1547,-874,-200.00,-200.00
1540,-881,-200.00,-200.00
1533,-887,-200.00,-200.00
1527,-894,-200.00,-200.00
1520,-901,-200.00,-200.00
1513,-908,-200.00,-200.00
1506,-915,-200.00,-200.00
1500,-922,-200.00,-200.00
1493,-928,-200.00,-200.00
1486,-935,-200.00,-200.00
1479,-942,-200.00,-200.00
1473,-949,-200.00,-200.00
1466,-956,-200.00,-200.00
1459,-963,-200.00,-200.00
1453,-969,-200.00,-200.00
1446,-976,-200.00,-200.00
1439,-983,-200.00,-200.00
1433,-990,-200.00,-200.00
1426,-996,-200.00,-200.00
1419,-1003,-200.00,-200.00
1413,-1010,-200.00,-200.00
1406,-1017,-200.00,-200.00
1399,-1023,-200.00,-200.00
1393,-1030,-200.00,-200.00
1386,-1037,-200.00,-200.00
1379,-1044,-200.00,-200.00
1373,-1050,-200.00,-200.00
1366,-1057,-200.00,-200.00
1359,-1064,-200.00,-200.00
1353,-1071,-200.00,-200.00
1346,-1077,-200.00,-200.00
1340,-1084,-200.00,-200.00
1333,-1091,-200.00,-200.00
1326,-1098,-200.00,-200.00
1320,-1104,-200.00,-200.00
1313,-1111,-200.00,-200.00
1306,-1118,-200.00,-200.00
1300,-1124,-200.00,-200.00
1293,-1131,-200.00,-200.00
1286,-1138,-200.00,-200.00
1280,-1145,-200.00,-200.00
1273,-1151,-200.00,-200.00
1266,-1158,-200.00,-200.00
1260,-1165,-200.00,-200.00
1253,-1172,-200.00,-200.00
1247,-1178,-200.00,-200.00
1240,-1185,-200.00,-200.00
1233,-1192,-200.00,-200.00
1227,-1199,-200.00,-200.00
1220,-1205,-200.00,-200.00
1213,-1212,-200.00,-200.00
1207,-1219,-200.00,-200.00
1200,-1226,-200.00,-200.00
1193,-1232,-200.00,-200.00
1187,-1239,-200.00,-200.00
1180,-1246,-200.00,-200.00
1173,-1253,-200.00,-200.00
1167,-1259,-200.00,-200.00
1160,-1266,-200.00,-200.00
1154,-1273,-200.00,-200.00
1147,-1280,200.00,200.00
1141,-1286,200.00,200.00
1135,-1292,200.00,200.00
1129,-1298,200.00,200.00
1124,-1304,200.00,200.00
1119,-1310,200.00,200.00
1114,-1315,200.00,200.00
1109,-1320,200.00,200.00
1105,-1325,200.00,200.00
1101,-1331,200.00,200.00
1097,-1335,200.00,200.00
1093,-1340,200.00,200.00
1090,-1344,200.00,200.00
1087,-1349,200.00,200.00
1085,-1353,200.00,200.00
1082,-1357,200.00,200.00
1080,-1360,200.00,200.00
1078,-1364,200.00,200.00
1076,-1368,200.00,200.00
1074,-1371,200.00,200.00
1073,-1374,200.00,200.00
1072,-1377,200.00,200.00
1071,-1380,200.00,200.00
1070,-1383,200.00,200.00
1069,-1385,200.00,200.00
1069,-1388,200.00,200.00
1069,-1390,200.00,200.00
1069,-1392,200.00,200.00
1069,-1395,200.00,200.00
1070,-1396,200.00,200.00
1070,-1398,200.00,200.00
1071,-1400,200.00,200.00
1072,-1401,200.00,200.00
1073,-1403,200.00,200.00
1074,-1404,200.00,200.00
1075,-1405,200.00,200.00
1076,-1406,200.00,200.00
1078,-1407,200.00,200.00
1079,-1408,200.00,200.00
1081,-1408,200.00,200.00
1082,-1408,200.00,200.00
1084,-1409,200.00,200.00
1086,-1409,200.00,200.00
1088,-1409,200.00,200.00
1091,-1409,200.00,200.00
1093,-1409,200.00,200.00
1095,-1409,200.00,200.00
1098,-1408,200.00,200.00
1100,-1408,200.00,200.00
1103,-1407,200.00,200.00
1106,-1406,200.00,200.00
1109,-1405,200.00,200.00
1112,-1404,200.00,200.00
1115,-1402,200.00,200.00
1118,-1401,200.00,200.00
1121,-1400,200.00,200.00
1124,-1398,200.00,200.00
1127,-1396,200.00,200.00
1131,-1394,200.00,200.00
1134,-1392,200.00,200.00
1138,-1390,200.00,200.00
1141,-1388,200.00,200.00
1145,-1386,200.00,200.00
1149,-1383,200.00,200.00
1153,-1381,200.00,200.00
1157,-1378,200.00,200.00
1160,-1376,200.00,200.00
1164,-1373,200.00,200.00
1169,-1370,200.00,200.00
1173,-1367,200.00,200.00
1177,-1364,200.00,200.00
1181,-1361,200.00,200.00
1185,-1358,200.00,200.00
1190,-1355,200.00,200.00
1194,-1351,200.00,200.00
1198,-1348,200.00,200.00
1203,-1344,200.00,200.00
1208,-1341,200.00,200.00
1212,-1337,200.00,200.00
1217,-1334,200.00,200.00
1221,-1330,200.00,200.00
1226,-1326,200.00,200.00
1231,-1323,200.00,200.00
1235,-1319,200.00,200.00
1240,-1315,200.00,200.00
1245,-1311,200.00,200.00
1250,-1307,200.00,200.00
1255,-1302,200.00,200.00
1260,-1298,200.00,200.00
1265,-1294,200.00,200.00
1270,-1290,200.00,200.00
1275,-1285,200.00,200.00
1280,-1281,200.00,200.00
1285,-1277,200.00,200.00
1291,-1272,200.00,200.00
1296,-1268,200.00,200.00
1301,-1263,200.00,200.00
1306,-1259,200.00,200.00
1311,-1254,200.00,200.00
1317,-1249,200.00,200.00
1322,-1244,200.00,200.00
1328,-1240,200.00,200.00
1333,-1235,200.00,200.00
1339,-1230,200.00,200.00
1344,-1225,200.00,200.00
1350,-1220,200.00,200.00
1356,-1215,200.00,200.00
1361,-1210,200.00,200.00
1367,-1205,200.00,200.00
1372,-1200,200.00,200.00
1378,-1195,200.00,200.00
1384,-1190,200.00,200.00
1390,-1185,200.00,200.00
1395,-1180,200.00,200.00
1401,-1174,200.00,200.00
1406,-1169,200.00,200.00
1412,-1164,200.00,200.00
1418,-1159,200.00,200.00
1424,-1154,200.00,200.00
1430,-1148,200.00,200.00
1435,-1143,200.00,200.00
1441,-1138,200.00,200.00
1447,-1132,200.00,200.00
1453,-1127,200.00,200.00
1459,-1121,200.00,200.00
1465,-1116,200.00,200.00
1471,-1110,200.00,200.00
1477,-1105,200.00,200.00
1483,-1099,200.00,200.00
1489,-1094,200.00,200.00
1495,-1088,200.00,200.00
1502,-1082,200.00,200.00
1508,-1076,200.00,200.00
1514,-1070,200.00,200.00
1520,-1065,200.00,200.00
1526,-1059,200.00,200.00
1532,-1054,200.00,200.00
1538,-1048,200.00,200.00
1544,-1042,200.00,200.00
1550,-1037,200.00,200.00
1556,-1031,200.00,200.00
1563,-1025,200.00,200.00
1569,-1019,200.00,200.00
1575,-1013,200.00,200.00
1581,-1008,200.00,200.00
1587,-1002,200.00,200.00
1594,-996,200.00,200.00
1600,-990,200.00,200.00
1606,-984,200.00,200.00
1612,-978,200.00,200.00
1619,-972,200.00,200.00
1625,-966,200.00,200.00
1631,-960,200.00,200.00
1638,-954,200.00,200.00
1644,-948,200.00,200.00
1650,-943,200.00,200.00
1656,-937,200.00,200.00
1663,-930,200.00,200.00
1670,-924,200.00,200.00
1676,-918,200.00,200.00
1682,-912,200.00,200.00
1689,-906,200.00,200.00
1695,-900,200.00,200.00
1701,-894,200.00,200.00
1708,-888,200.00,200.00
1714,-882,200.00,200.00
1721,-876,200.00,200.00
1727,-870,200.00,200.00
1733,-864,200.00,200.00
1740,-857,200.00,200.00
1746,-851,200.00,200.00
1753,-845,200.00,200.00
1759,-839,200.00,200.00
1766,-833,200.00,200.00
1772,-827,200.00,200.00
1779,-820,200.00,200.00
1785,-814,200.00,200.00
1792,-808,200.00,200.00
1798,-802,200.00,200.00
1805,-796,200.00,200.00
1811,-790,200.00,200.00
1818,-783,200.00,200.00
1824,-777,200.00,200.00
1831,-771,200.00,200.00
1837,-765,200.00,200.00
1844,-758,200.00,200.00
1850,-752,200.00,200.00
1856,-746,200.00,200.00
1863,-740,200.00,200.00
1869,-734,200.00,200.00
1876,-727,200.00,200.00
1883,-721,200.00,200.00
1889,-715,200.00,200.00
1896,-708,200.00,200.00
1902,-702,200.00,200.00
1909,-696,200.00,200.00
1915,-690,200.00,200.00
1921,-684,200.00,200.00
1928,-677,200.00,200.00
1934,-671,200.00,200.00
1941,-665,200.00,200.00
1948,-659,200.00,200.00
1954,-652,200.00,200.00
1961,-646,200.00,200.00
1967,-640,200.00,200.00
1973,-634,200.00,200.00
1980,-627,200.00,200.00
1987,-621,200.00,200.00
1993,-615,200.00,200.00
2000,-608,200.00,200.00
2006,-602,200.00,200.00
2013,-595,200.00,200.00
2020,-589,200.00,200.00
2026,-583,200.00,200.00
2033,-577,200.00,200.00
2039,-570,200.00,200.00
2046,-564,200.00,200.00
2052,-558,200.00,200.00
2059,-551,200.00,200.00
2065,-545,200.00,200.00
2072,-539,200.00,200.00
2079,-532,200.00,200.00
2085,-526,200.00,200.00
2092,-520,200.00,200.00
2098,-513,200.00,200.00
2105,-507,200.00,200.00
2111,-501,200.00,200.00
2118,-494,200.00,200.00
2125,-488,200.00,200.00
2131,-482,200.00,200.00
2138,-475,200.00,200.00
2144,-469,200.00,200.00
2151,-463,200.00,200.00
2157,-456,200.00,200.00
2164,-450,200.00,200.00
2171,-444,200.00,200.00
2177,-437,200.00,200.00
2184,-431,200.00,200.00
2191,-424,200.00,200.00
2197,-418,200.00,200.00
2204,-412,200.00,200.00
2210,-405,200.00,200.00
2217,-399,200.00,200.00
2224,-392,200.00,200.00
2230,-386,200.00,200.00
2237,-379,200.00,200.00
2244,-373,200.00,200.00
2250,-367,200.00,200.00
2257,-360,200.00,200.00
2264,-354,200.00,200.00
2271,-347,200.00,200.00
2277,-341,200.00,200.00
2284,-334,200.00,200.00
2291,-328,200.00,200.00
2297,-321,200.00,200.00
2304,-315,200.00,200.00
2311,-309,200.00,200.00
2317,-302,200.00,200.00
2324,-296,200.00,200.00
2331,-289,200.00,200.00
2337,-283,200.00,200.00
2344,-276,200.00,200.00
2350,-270,200.00,200.00
2357,-264,200.00,200.00
2364,-257,200.00,200.00
2371,-251,200.00,200.00
2377,-244,200.00,200.00
2384,-237,200.00,200.00
2391,-231,200.00,200.00
2398,-225,200.00,200.00
2404,-218,200.00,200.00
2411,-212,200.00,200.00
2418,-205,200.00,200.00
2424,-199,200.00,200.00
2431,-193,200.00,200.00
2437,-186,200.00,200.00
2444,-180,200.00,200.00
2450,-173,200.00,200.00
2457,-167,200.00,200.00
2464,-161,200.00,200.00
2470,-154,200.00,200.00
2477,-148,200.00,200.00
2484,-141,200.00,200.00
2490,-135,200.00,200.00
2497,-128,200.00,200.00
2504,-122,200.00,200.00
2511,-115,200.00,200.00
2517,-109,200.00,200.00
2524,-102,200.00,200.00
2531,-96,200.00,200.00
2537,-89,200.00,200.00
2544,-83,200.00,200.00
2551,-76,200.00,200.00
2557,-70,200.00,200.00
2564,-64,200.00,200.00
2571,-57,200.00,200.00
2578,-50,200.00,200.00
2585,-44,200.00,200.00
2591,-37,200.00,200.00
2598,-31,200.00,200.00
2605,-24,200.00,200.00
2611,-18,200.00,200.00
2618,-12,200.00,200.00
2624,-5,200.00,200.00
2631,1,200.00,200.00
2638,8,200.00,200.00
2644,14,200.00,200.00
2651,20,200.00,200.00
2657,26,200.00,200.00
2663,32,200.00,200.00
2670,39,200.00,200.00
2676,45,200.00,200.00
2683,52,200.00,200.00
2690,58,200.00,200.00
2696,64,200.00,200.00
2703,71,200.00,200.00
2709,77,200.00,200.00
2716,83,200.00,200.00
2722,90,200.00,200.00
2729,96,200.00,200.00
2735,102,200.00,200.00
2742,109,200.00,200.00
2749,115,200.00,200.00
2755,121,200.00,200.00
2762,128,200.00,200.00
2768,134,200.00,200.00
2775,140,200.00,200.00
2781,146,200.00,200.00
2787,153,200.00,200.00
2794,159,200.00,200.00
2801,165,200.00,200.00
2807,172,200.00,200.00
2814,178,200.00,200.00
2820,184,200.00,200.00
2827,191,200.00,200.00
2834,197,200.00,200.00
2840,204,200.00,200.00
2847,210,200.00,200.00
2853,216,200.00,200.00
2860,223,200.00,200.00
2866,229,200.00,200.00
2873,235,200.00,200.00
2879,242,200.00,200.00
2886,248,200.00,200.00
2892,254,200.00,200.00
2899,261,200.00,200.00
2906,267,200.00,200.00
2912,273,200.00,200.00
2918,279,200.00,200.00
2925,286,200.00,200.00
2931,292,200.00,200.00
2938,298,200.00,200.00
2945,305,200.00,200.00
2951,311,200.00,200.00
2958,317,200.00,200.00
2964,324,200.00,200.00
2971,330,200.00,200.00
2978,337,200.00,200.00
2985,343,200.00,200.00
2991,350,200.00,200.00
2998,356,200.00,200.00
3004,363,200.00,200.00
3011,369,200.00,200.00
3017,375,200.00,200.00
3024,381,200.00,200.00
3030,388,200.00,200.00
3037,394,200.00,200.00
3043,400,200.00,200.00
3050,407,200.00,200.00
3056,413,200.00,200.00
3063,419,200.00,200.00
3069,425,200.00,200.00
3076,432,200.00,200.00
3082,438,200.00,200.00
3089,445,200.00,200.00
3096,451,200.00,200.00
3102,457,200.00,200.00
3109,464,200.00,200.00
3115,470,200.00,200.00
3122,476,200.00,200.00
3128,482,200.00,200.00
3135,489,200.00,200.00
3141,495,200.00,200.00
3148,502,200.00,200.00
3154,508,200.00,200.00
3161,514,200.00,200.00
3167,520,200.00,200.00
3174,527,200.00,200.00
3180,533,200.00,200.00
3187,539,200.00,200.00
3193,545,200.00,200.00
3200,552,200.00,200.00
3206,558,200.00,200.00
3213,564,200.00,200.00
3219,571,200.00,200.00
3226,577,200.00,200.00
3232,583,200.00,200.00
3239,590,200.00,200.00
3245,596,200.00,200.00
3252,602,200.00,200.00
3258,609,200.00,200.00
3265,615,200.00,200.00
3272,621,200.00,200.00
3278,628,200.00,200.00
3285,634,200.00,200.00
3291,640,200.00,200.00
3298,647,200.00,200.00
3304,653,200.00,200.00
3311,659,200.00,200.00
3317,666,200.00,200.00
3324,672,200.00,200.00
3330,678,200.00,200.00
3337,685,200.00,200.00
3344,691,200.00,200.00
3350,697,200.00,200.00
3357,704,200.00,200.00
3363,710,200.00,200.00
3370,716,200.00,200.00
3376,722,200.00,200.00
3383,729,200.00,200.00
3389,735,200.00,200.00
3396,742,200.00,200.00
3403,748,200.00,200.00
3409,754,200.00,200.00
3416,761,200.00,200.00
3422,767,200.00,200.00
3428,773,200.00,200.00
3435,780,200.00,200.00
3442,786,200.00,200.00
3448,792,200.00,200.00
3455,799,200.00,200.00
3461,805,200.00,200.00
3468,811,200.00,200.00
3474,818,200.00,200.00
3481,824,200.00,200.00
3488,830,200.00,200.00
3494,836,200.00,200.00
3500,843,200.00,200.00
3507,849,200.00,200.00
3514,856,200.00,200.00
3520,862,200.00,200.00
3527,868,200.00,200.00
3533,875,200.00,200.00
3540,881,200.00,200.00
3547,887,200.00,200.00
3553,894,200.00,200.00
3560,900,200.00,200.00
3566,906,200.00,200.00
3573,913,200.00,200.00
3579,919,200.00,200.00
3586,925,200.00,200.00
3593,932,200.00,200.00
3599,938,200.00,200.00
3606,945,200.00,200.00
3612,951,200.00,200.00
3619,957,200.00,200.00
3625,964,200.00,200.00
3632,970,200.00,200.00
3638,976,200.00,200.00
3645,982,200.00,200.00
3651,989,200.00,200.00
3658,995,200.00,200.00
3664,1001,200.00,200.00
3671,1008,200.00,200.00
3678,1014,200.00,200.00
3684,1021,200.00,200.00
3691,1027,200.00,200.00
3697,1033,200.00,200.00
3704,1040,200.00,200.00
3710,1046,200.00,200.00
3717,1052,200.00,200.00
3724,1059,200.00,200.00
3730,1065,200.00,200.00
3737,1072,200.00,200.00
3744,1078,200.00,200.00
3750,1084,200.00,200.00
3757,1091,200.00,200.00
3763,1097,200.00,200.00
3770,1103,200.00,200.00
3776,1110,200.00,200.00
3783,1116,200.00,200.00
3790,1122,200.00,200.00
3796,1129,200.00,200.00
3803,1135,200.00,200.00
3809,1141,200.00,200.00
3816,1148,200.00,200.00
3822,1154,200.00,200.00
3829,1161,200.00,200.00
3835,1167,200.00,200.00
3842,1173,200.00,200.00
3849,1180,200.00,200.00
3855,1186,200.00,200.00
3862,1192,200.00,200.00
3868,1199,200.00,200.00
3875,1205,200.00,200.00
3882,1211,200.00,200.00
3888,1218,200.00,200.00
3895,1224,200.00,200.00
3901,1230,200.00,200.00
3908,1237,200.00,200.00
3914,1243,200.00,200.00
3921,1249,200.00,200.00
3928,1256,200.00,200.00
3934,1262,200.00,200.00
3941,1269,200.00,200.00
3947,1275,200.00,200.00
3954,1281,200.00,200.00
3960,1288,200.00,200.00
3967,1294,200.00,200.00
3973,1300,200.00,200.00
3980,1306,200.00,200.00
3986,1313,200.00,200.00
3993,1319,200.00,200.00
3999,1325,200.00,200.00
4006,1332,200.00,200.00
4012,1338,200.00,200.00
4019,1344,200.00,200.00
4025,1350,200.00,200.00
4032,1357,200.00,200.00
4038,1363,200.00,200.00
4045,1370,200.00,200.00
4052,1376,200.00,200.00
4058,1382,200.00,200.00
4065,1389,200.00,200.00
4071,1395,200.00,200.00
4078,1401,200.00,200.00
4084,1408,200.00,200.00
4091,1414,200.00,200.00
4098,1420,200.00,200.00
4104,1427,200.00,200.00
4111,1433,200.00,200.00
4117,1440,200.00,200.00
4124,1446,200.00,200.00
4130,1452,200.00,200.00
4137,1459,200.00,200.00
4143,1465,200.00,200.00
4150,1471,200.00,200.00
4156,1477,200.00,200.00
4163,1484,200.00,200.00
4169,1490,200.00,200.00
4176,1496,200.00,200.00
4182,1503,200.00,200.00
4189,1509,200.00,200.00
4195,1515,200.00,200.00
4202,1521,200.00,200.00
4208,1528,200.00,200.00
4215,1534,200.00,200.00
4222,1540,200.00,200.00
4228,1547,200.00,200.00
4235,1553,200.00,200.00
4241,1559,200.00,200.00
4248,1566,200.00,200.00
4254,1572,200.00,200.00
4261,1578,200.00,200.00
4267,1585,200.00,200.00
4274,1591,200.00,200.00
4280,1597,200.00,200.00
4287,1604,200.00,200.00
4294,1610,200.00,200.00
4300,1617,200.00,200.00
4307,1623,200.00,200.00
4313,1629,200.00,200.00
4320,1636,200.00,200.00
4326,1642,200.00,200.00
4333,1648,200.00,200.00
4340,1655,200.00,200.00
4346,1661,200.00,200.00
4353,1667,200.00,200.00
4359,1674,200.00,200.00
4366,1680,200.00,200.00
4372,1686,200.00,200.00
4379,1693,200.00,200.00
4385,1699,200.00,200.00
4392,1705,200.00,200.00
4398,1712,200.00,200.00
4405,1718,200.00,200.00
4412,1724,200.00,200.00
4419,1731,200.00,200.00
4425,1738,200.00,200.00
4432,1744,200.00,200.00
4438,1750,200.00,200.00
4445,1757,200.00,200.00
4452,1763,200.00,200.00
4459,1770,200.00,200.00
4466,1777,200.00,200.00
4472,1783,200.00,200.00
4479,1789,200.00,200.00
4485,1796,200.00,200.00
4492,1802,200.00,200.00
4498,1808,200.00,200.00
4505,1815,200.00,200.00
4511,1821,200.00,200.00
4518,1827,200.00,200.00
4525,1834,200.00,200.00
4531,1840,200.00,200.00
4538,1846,200.00,200.00
4544,1853,200.00,200.00
4551,1859,200.00,200.00
4557,1866,200.00,200.00
4564,1872,200.00,200.00
4570,1878,200.00,200.00
4577,1884,200.00,200.00
4584,1891,200.00,200.00
4590,1897,200.00,200.00
4597,1904,200.00,200.00
4604,1910,200.00,200.00
4610,1916,200.00,200.00
4617,1923,200.00,200.00
4623,1929,200.00,200.00
4630,1935,200.00,200.00
4636,1942,200.00,200.00
4643,1948,200.00,200.00
4649,1955,200.00,200.00
4656,1961,200.00,200.00
4663,1967,200.00,200.00
4669,1974,200.00,200.00
4676,1980,200.00,200.00
4682,1987,200.00,200.00
4689,1993,200.00,200.00
4695,1999,200.00,200.00
4702,2005,200.00,200.00
4708,2012,200.00,200.00
4715,2018,200.00,200.00
4721,2024,200.00,200.00
4728,2031,200.00,200.00
4734,2037,200.00,200.00
4741,2044,200.00,200.00
4748,2050,200.00,200.00
4755,2057,200.00,200.00
4761,2063,200.00,200.00
4768,2069,200.00,200.00
4774,2075,200.00,200.00
4781,2082,200.00,200.00
4787,2088,200.00,200.00
4794,2095,200.00,200.00
4800,2101,200.00,200.00
4807,2107,200.00,200.00
4813,2114,200.00,200.00
4820,2120,200.00,200.00
4826,2126,200.00,200.00
4833,2132,200.00,200.00
4839,2139,200.00,200.00
4846,2145,200.00,200.00
4853,2151,200.00,200.00
4859,2158,200.00,200.00
4866,2164,200.00,200.00
4872,2171,200.00,200.00
4879,2177,200.00,200.00
4885,2183,200.00,200.00
4892,2189,200.00,200.00
4898,2196,200.00,200.00
4905,2202,200.00,200.00
4912,2209,200.00,200.00
4918,2215,200.00,200.00
4925,2222,200.00,200.00
4932,2228,200.00,200.00
4938,2234,200.00,200.00
4945,2241,200.00,200.00
4951,2247,200.00,200.00
4958,2254,200.00,200.00
4964,2260,200.00,200.00
4971,2266,200.00,200.00
4977,2272,200.00,200.00
4984,2279,200.00,200.00
4990,2285,200.00,200.00
4997,2291,200.00,200.00
5004,2298,200.00,200.00
5010,2304,200.00,200.00
5017,2311,200.00,200.00
5024,2317,200.00,200.00
5030,2323,200.00,200.00
5037,2330,200.00,200.00
5043,2336,200.00,200.00
5050,2342,200.00,200.00
5056,2349,200.00,200.00
5063,2355,200.00,200.00
5070,2362,200.00,200.00
5076,2368,200.00,200.00
5083,2374,200.00,200.00
5089,2381,200.00,200.00
5096,2387,200.00,200.00
5102,2393,200.00,200.00
5109,2400,200.00,200.00
5115,2406,200.00,200.00
5122,2412,200.00,200.00
5129,2419,200.00,200.00
5135,2425,200.00,200.00
5142,2432,200.00,200.00
5148,2438,200.00,200.00
5155,2445,200.00,200.00
5162,2451,200.00,200.00
5169,2458,200.00,200.00
5175,2464,200.00,200.00
5181,2470,200.00,200.00
5188,2476,200.00,200.00
5195,2483,200.00,200.00
5201,2489,200.00,200.00
5208,2496,200.00,200.00
5214,2502,200.00,200.00
5221,2508,200.00,200.00
5227,2515,200.00,200.00
5234,2521,200.00,200.00
5240,2527,200.00,200.00
5247,2533,200.00,200.00
5254,2540,200.00,200.00
5260,2546,200.00,200.00
5267,2553,200.00,200.00
5273,2559,200.00,200.00
5280,2565,200.00,200.00
5286,2572,200.00,200.00
5293,2578,200.00,200.00
5300,2585,200.00,200.00
5306,2591,200.00,200.00
5313,2597,200.00,200.00
5319,2604,200.00,200.00
5326,2610,200.00,200.00
5332,2616,200.00,200.00
5339,2622,200.00,200.00
5345,2629,200.00,200.00
5352,2635,200.00,200.00
5358,2641,200.00,200.00
5365,2648,200.00,200.00
5372,2654,200.00,200.00
5378,2661,200.00,200.00
5385,2667,200.00,200.00
5391,2673,200.00,200.00
5398,2679,200.00,200.00
5404,2686,200.00,200.00
5411,2692,200.00,200.00
5417,2698,200.00,200.00
5424,2705,200.00,200.00
5430,2711,200.00,200.00
5437,2718,200.00,200.00
5444,2724,200.00,200.00
5450,2730,200.00,200.00
5457,2736,200.00,200.00
5463,2743,200.00,200.00
5470,2749,200.00,200.00
5476,2756,200.00,200.00
5483,2762,200.00,200.00
5489,2768,200.00,200.00
5496,2775,200.00,200.00
5502,2781,200.00,200.00
5509,2787,200.00,200.00
5516,2794,200.00,200.00
5522,2800,200.00,200.00
5529,2806,200.00,200.00
5535,2813,200.00,200.00
5542,2819,200.00,200.00
5548,2825,200.00,200.00
5555,2831,-200.00,-200.00
5561,2837,-200.00,-200.00
5567,2843,-200.00,-200.00
5573,2849,-200.00,-200.00
5579,2854,-200.00,-200.00
5585,2859,-200.00,-200.00
5590,2864,-200.00,-200.00
5596,2869,-200.00,-200.00
5601,2873,-200.00,-200.00
5606,2877,-200.00,-200.00
5611,2881,-200.00,-200.00
5615,2884,-200.00,-200.00
5619,2887,-200.00,-200.00
5624,2890,-200.00,-200.00
5628,2893,-200.00,-200.00
5632,2895,-200.00,-200.00
5635,2897,-200.00,-200.00
5639,2899,-200.00,-200.00
5642,2901,-200.00,-200.00
5646,2902,-200.00,-200.00
5649,2904,-200.00,-200.00
5652,2905,-200.00,-200.00
5654,2906,-200.00,-200.00
5657,2906,-200.00,-200.00
5659,2907,-200.00,-200.00
5662,2907,-200.00,-200.00
5664,2907,-200.00,-200.00
5666,2907,-200.00,-200.00
5668,2907,-200.00,-200.00
5669,2906,-200.00,-200.00
5671,2906,-200.00,-200.00
5673,2905,-200.00,-200.00
5674,2904,-200.00,-200.00
5675,2903,-200.00,-200.00
5676,2902,-200.00,-200.00
5677,2901,-200.00,-200.00
5677,2900,-200.00,-200.00
5678,2898,-200.00,-200.00
5678,2897,-200.00,-200.00
5679,2895,-200.00,-200.00
5679,2893,-200.00,-200.00
5679,2892,-200.00,-200.00
5679,2890,-200.00,-200.00
5678,2887,-200.00,-200.00
5678,2885,-200.00,-200.00
5677,2883,-200.00,-200.00
5676,2881,-200.00,-200.00
5676,2878,-200.00,-200.00
5674,2876,-200.00,-200.00
5673,2873,-200.00,-200.00
5672,2870,-200.00,-200.00
5670,2868,-200.00,-200.00
5669,2865,-200.00,-200.00
5667,2862,-200.00,-200.00
5665,2859,-200.00,-200.00
5663,2856,-200.00,-200.00
5661,2852,-200.00,-200.00
5659,2849,-200.00,-200.00
5657,2846,-200.00,-200.00
5654,2842,-200.00,-200.00
5652,2839,-200.00,-200.00
5649,2835,-200.00,-200.00
5647,2832,-200.00,-200.00
5644,2828,-200.00,-200.00
5641,2824,-200.00,-200.00
5638,2821,-200.00,-200.00
5635,2817,-200.00,-200.00
5632,2813,-200.00,-200.00
5629,2809,-200.00,-200.00
5625,2805,-200.00,-200.00
5622,2801,-200.00,-200.00
5619,2797,-200.00,-200.00
5615,2793,-200.00,-200.00
5611,2788,-200.00,-200.00
5608,2784,-200.00,-200.00
5604,2780,-200.00,-200.00
5600,2775,-200.00,-200.00
5596,2771,-200.00,-200.00
5592,2766,-200.00,-200.00
5588,2762,-200.00,-200.00
5584,2757,-200.00,-200.00
5580,2753,-200.00,-200.00
5576,2748,-200.00,-200.00
5571,2743,-200.00,-200.00
5567,2739,-200.00,-200.00
5563,2734,-200.00,-200.00
5558,2729,-200.00,-200.00
5554,2724,-200.00,-200.00
5549,2719,-200.00,-200.00
5545,2715,-200.00,-200.00
5540,2710,-200.00,-200.00
5536,2705,-200.00,-200.00
5531,2700,-200.00,-200.00
5527,2695,-200.00,-200.00
5522,2690,-200.00,-200.00
5517,2685,-200.00,-200.00
5512,2680,-200.00,-200.00
5507,2675,-200.00,-200.00
5502,2669,-200.00,-200.00
5497,2664,-200.00,-200.00
5492,2659,-200.00,-200.00
5487,2654,-200.00,-200.00
5482,2648,-200.00,-200.00
5477,2643,-200.00,-200.00
5472,2638,-200.00,-200.00
5467,2632,-200.00,-200.00
5462,2627,-200.00,-200.00
5456,2621,-200.00,-200.00
5451,2616,-200.00,-200.00
5446,2611,-200.00,-200.00
5441,2605,-200.00,-200.00
5435,2600,-200.00,-200.00
5430,2594,-200.00,-200.00
5425,2589,-200.00,-200.00
5419,2583,-200.00,-200.00
5414,2577,-200.00,-200.00
5408,2572,-200.00,-200.00
5403,2566,-200.00,-200.00
5397,2560,-200.00,-200.00
5392,2555,-200.00,-200.00
5386,2549,-200.00,-200.00
5380,2543,-200.00,-200.00
5375,2538,-200.00,-200.00
5369,2532,-200.00,-200.00
5363,2526,-200.00,-200.00
5357,2520,-200.00,-200.00
5351,2514,-200.00,-200.00
5346,2508,-200.00,-200.00
5340,2502,-200.00,-200.00
5334,2496,-200.00,-200.00
5328,2490,-200.00,-200.00
5322,2484,-200.00,-200.00
5316,2478,-200.00,-200.00
5311,2472,-200.00,-200.00
5305,2466,-200.00,-200.00
5299,2460,-200.00,-200.00
5293,2454,-200.00,-200.00
5287,2448,-200.00,-200.00
5281,2442,-200.00,-200.00
5275,2436,-200.00,-200.00
5269,2430,-200.00,-200.00
5263,2424,-200.00,-200.00
5257,2418,-200.00,-200.00
5251,2412,-200.00,-200.00
5245,2406,-200.00,-200.00
5239,2400,-200.00,-200.00
5233,2394,-200.00,-200.00
5227,2387,-200.00,-200.00
5221,2381,-200.00,-200.00
5215,2375,-200.00,-200.00
5209,2369,-200.00,-200.00
5202,2363,-200.00,-200.00
5196,2357,-200.00,-200.00
5190,2351,-200.00,-200.00
5184,2344,-200.00,-200.00
5178,2338,-200.00,-200.00
5172,2332,-200.00,-200.00
5166,2326,-200.00,-200.00
5159,2319,-200.00,-200.00
5153,2313,-200.00,-200.00
5147,2307,-200.00,-200.00
5141,2301,-200.00,-200.00
5134,2294,-200.00,-200.00
5128,2288,-200.00,-200.00
5122,2282,-200.00,-200.00
5116,2275,-200.00,-200.00
5109,2269,-200.00,-200.00
5103,2263,-200.00,-200.00
5097,2256,-200.00,-200.00
5091,2250,-200.00,-200.00
5084,2244,-200.00,-200.00
5078,2237,-200.00,-200.00
5072,2231,-200.00,-200.00
5066,2225,-200.00,-200.00
5059,2218,-200.00,-200.00
5053,2212,-200.00,-200.00
5046,2205,-200.00,-200.00
5040,2199,-200.00,-200.00
5034,2193,-200.00,-200.00
5027,2186,-200.00,-200.00
5021,2180,-200.00,-200.00
5015,2174,-200.00,-200.00
5008,2167,-200.00,-200.00
5002,2161,-200.00,-200.00
4996,2154,-200.00,-200.00
4989,2148,-200.00,-200.00
4983,2141,-200.00,-200.00
4976,2135,-200.00,-200.00
4970,2128,-200.00,-200.00
4964,2122,-200.00,-200.00
4957,2115,-200.00,-200.00
4951,2109,-200.00,-200.00
4944,2102,-200.00,-200.00
4938,2096,-200.00,-200.00
4932,2090,-200.00,-200.00
4925,2083,-200.00,-200.00
4919,2077,-200.00,-200.00
4912,2070,-200.00,-200.00
4906,2064,-200.00,-200.00
4899,2057,-200.00,-200.00
4893,2051,-200.00,-200.00
4886,2044,-200.00,-200.00
4880,2037,-200.00,-200.00
4874,2031,-200.00,-200.00
4867,2024,-200.00,-200.00
4860,2018,-200.00,-200.00
4854,2011,-200.00,-200.00
4848,2005,-200.00,-200.00
4841,1998,-200.00,-200.00
4835,1992,-200.00,-200.00
4828,1985,-200.00,-200.00
4822,1979,-200.00,-200.00
4815,1972,-200.00,-200.00
4809,1966,-200.00,-200.00
4802,1959,-200.00,-200.00
4796,1953,-200.00,-200.00
4789,1946,-200.00,-200.00
4783,1939,-200.00,-200.00
4776,1933,-200.00,-200.00
4770,1926,-200.00,-200.00
4763,1920,-200.00,-200.00
4757,1913,-200.00,-200.00
4750,1906,-200.00,-200.00
4744,1900,-200.00,-200.00
4737,1893,-200.00,-200.00
4731,1887,-200.00,-200.00
4724,1880,-200.00,-200.00
4718,1874,-200.00,-200.00
4711,1867,-200.00,-200.00
4705,1860,-200.00,-200.00
4698,1854,-200.00,-200.00
4692,1847,-200.00,-200.00
4685,1840,-200.00,-200.00
4678,1834,-200.00,-200.00
4672,1827,-200.00,-200.00
4665,1821,-200.00,-200.00
4659,1814,-200.00,-200.00
4652,1807,-200.00,-200.00
4646,1801,-200.00,-200.00
4639,1794,-200.00,-200.00
4633,1788,-200.00,-200.00
4626,1781,-200.00,-200.00
4620,1774,-200.00,-200.00
4613,1768,-200.00,-200.00
4607,1761,-200.00,-200.00
4600,1754,-200.00,-200.00
4593,1748,-200.00,-200.00
4587,1741,-200.00,-200.00
4580,1735,-200.00,-200.00
4574,1728,-200.00,-200.00
4567,1721,-200.00,-200.00
4561,1715,-200.00,-200.00
4554,1708,-200.00,-200.00
4548,1701,-200.00,-200.00
4541,1695,-200.00,-200.00
4534,1688,-200.00,-200.00
4528,1681,-200.00,-200.00
4521,1675,-200.00,-200.00
4515,1668,-200.00,-200.00
4508,1661,-200.00,-200.00
4501,1655,-200.00,-200.00
4495,1648,-200.00,-200.00
4488,1641,-200.00,-200.00
4482,1635,-200.00,-200.00
4475,1628,-200.00,-200.00
4469,1621,-200.00,-200.00
4462,1614,-200.00,-200.00
4455,1608,-200.00,-200.00
4449,1601,-200.00,-200.00
4442,1594,-200.00,-200.00
4436,1588,-200.00,-200.00
4429,1581,-200.00,-200.00
4422,1574,-200.00,-200.00
4416,1568,-200.00,-200.00
4409,1561,-200.00,-200.00
4403,1555,-200.00,-200.00
4396,1548,-200.00,-200.00
4390,1541,-200.00,-200.00
4383,1535,-200.00,-200.00
4377,1528,-200.00,-200.00
4370,1522,-200.00,-200.00
4364,1515,-200.00,-200.00
4357,1508,-200.00,-200.00
4350,1502,-200.00,-200.00
4344,1495,-200.00,-200.00
4337,1488,-200.00,-200.00
4331,1482,-200.00,-200.00
4324,1475,-200.00,-200.00
4317,1468,-200.00,-200.00
4311,1462,-200.00,-200.00
4304,1455,-200.00,-200.00
4298,1448,-200.00,-200.00
4291,1442,-200.00,-200.00
4284,1435,-200.00,-200.00
4278,1428,-200.00,-200.00
4271,1421,-200.00,-200.00
4264,1415,-200.00,-200.00
4258,1408,-200.00,-200.00
4251,1401,-200.00,-200.00
4245,1395,-200.00,-200.00
4238,1388,-200.00,-200.00
4230,1380,-200.00,-200.00
4224,1374,-200.00,-200.00
4217,1367,-200.00,-200.00
4211,1361,-200.00,-200.00
4204,1354,-200.00,-200.00
4197,1347,-200.00,-200.00
4191,1340,-200.00,-200.00
4184,1334,-200.00,-200.00
4178,1327,-200.00,-200.00
4171,1320,-200.00,-200.00
4164,1314,-200.00,-200.00
4158,1307,-200.00,-200.00
4151,1300,-200.00,-200.00
4145,1294,-200.00,-200.00
4138,1287,-200.00,-200.00
4131,1280,-200.00,-200.00
4125,1274,-200.00,-200.00
4118,1267,-200.00,-200.00
4111,1260,-200.00,-200.00
4105,1254,-200.00,-200.00
4098,1247,-200.00,-200.00
4091,1240,-200.00,-200.00
4085,1233,-200.00,-200.00
4078,1227,-200.00,-200.00
4072,1220,-200.00,-200.00
4065,1213,-200.00,-200.00
4058,1207,-200.00,-200.00
4052,1200,-200.00,-200.00
4045,1193,-200.00,-200.00
4039,1187,-200.00,-200.00
4032,1180,-200.00,-200.00
4025,1173,-200.00,-200.00
4019,1167,-200.00,-200.00
4012,1160,-200.00,-200.00
4005,1153,-200.00,-200.00
3999,1146,-200.00,-200.00
3992,1140,-200.00,-200.00
3985,1133,-200.00,-200.00
3979,1126,-200.00,-200.00
3972,1120,-200.00,-200.00
3965,1113,-200.00,-200.00
3959,1106,-200.00,-200.00
3952,1099,-200.00,-200.00
3946,1093,-200.00,-200.00
3939,1086,-200.00,-200.00
3932,1079,-200.00,-200.00
3926,1073,-200.00,-200.00
3919,1066,-200.00,-200.00
3912,1059,-200.00,-200.00
3905,1052,-200.00,-200.00
3899,1046,-200.00,-200.00
3892,1039,-200.00,-200.00
3886,1032,-200.00,-200.00
3879,1026,-200.00,-200.00
3872,1019,-200.00,-200.00
3866,1012,-200.00,-200.00
3859,1005,-200.00,-200.00
3852,999,-200.00,-200.00
3846,992,-200.00,-200.00
3839,985,-200.00,-200.00
3833,979,-200.00,-200.00
3826,972,-200.00,-200.00
3819,965,-200.00,-200.00
3813,959,-200.00,-200.00
3806,952,-200.00,-200.00
3799,945,-200.00,-200.00
3793,938,-200.00,-200.00
3786,932,-200.00,-200.00
3779,925,-200.00,-200.00
3773,918,-200.00,-200.00
3766,912,-200.00,-200.00
3760,905,-200.00,-200.00
3753,898,-200.00,-200.00
3746,891,-200.00,-200.00
3740,885,-200.00,-200.00
3733,878,-200.00,-200.00
3726,871,-200.00,-200.00
3720,865,-200.00,-200.00
3713,858,-200.00,-200.00
3706,851,-200.00,-200.00
3700,844,-200.00,-200.00
3693,837,-200.00,-200.00
3686,831,-200.00,-200.00
3680,824,-200.00,-200.00
3673,818,-200.00,-200.00
3667,811,-200.00,-200.00
3660,804,-200.00,-200.00
3653,797,-200.00,-200.00
3647,791,-200.00,-200.00
3640,784,-200.00,-200.00
3633,777,-200.00,-200.00
3627,771,-200.00,-200.00
3620,764,-200.00,-200.00
3613,757,-200.00,-200.00
3607,750,-200.00,-200.00
3600,744,-200.00,-200.00
3593,737,-200.00,-200.00
3587,730,-200.00,-200.00
3580,723,-200.00,-200.00
3573,717,-200.00,-200.00
3567,710,-200.00,-200.00
3560,703,-200.00,-200.00
3554,697,-200.00,-200.00
3547,690,-200.00,-200.00
3540,683,-200.00,-200.00
3534,676,-200.00,-200.00
3527,670,-200.00,-200.00
3520,663,-200.00,-200.00
3514,656,-200.00,-200.00
3507,650,-200.00,-200.00
3500,643,-200.00,-200.00
3494,636,-200.00,-200.00
3487,629,-200.00,-200.00
3480,623,-200.00,-200.00
3474,616,-200.00,-200.00
3467,609,-200.00,-200.00
3460,602,-200.00,-200.00
3454,596,-200.00,-200.00
3447,589,-200.00,-200.00
3441,582,-200.00,-200.00
3434,576,-200.00,-200.00
3427,569,-200.00,-200.00
3421,562,-200.00,-200.00
3414,555,-200.00,-200.00
3407,549,-200.00,-200.00
3401,542,-200.00,-200.00
3394,535,-200.00,-200.00
3388,529,-200.00,-200.00
3381,522,-200.00,-200.00
3374,515,-200.00,-200.00
3368,509,-200.00,-200.00
3361,502,-200.00,-200.00
3354,495,-200.00,-200.00
3348,488,-200.00,-200.00
3341,482,-200.00,-200.00
3334,475,-200.00,-200.00
3328,468,-200.00,-200.00
3321,461,-200.00,-200.00
3315,455,-200.00,-200.00
3308,448,-200.00,-200.00
3301,441,-200.00,-200.00
3295,435,-200.00,-200.00
3288,428,-200.00,-200.00
3281,421,-200.00,-200.00
3275,415,-200.00,-200.00
3268,408,-200.00,-200.00
3261,401,-200.00,-200.00
3255,394,-200.00,-200.00
3248,387,-200.00,-200.00
3241,381,-200.00,-200.00
3235,374,-200.00,-200.00
3228,367,-200.00,-200.00
3222,361,-200.00,-200.00
3215,354,-200.00,-200.00
3208,347,-200.00,-200.00
3201,340,-200.00,-200.00
3195,334,-200.00,-200.00
3188,327,-200.00,-200.00
3182,320,-200.00,-200.00
3175,313,-200.00,-200.00
3168,307,-200.00,-200.00
3162,300,-200.00,-200.00
3155,293,-200.00,-200.00
3148,286,-200.00,-200.00
3142,280,-200.00,-200.00
3135,273,-200.00,-200.00
3128,266,-200.00,-200.00
3122,260,-200.00,-200.00
3115,253,-200.00,-200.00
3108,246,-200.00,-200.00
3102,239,-200.00,-200.00
3095,233,-200.00,-200.00
3089,226,-200.00,-200.00
3082,219,-200.00,-200.00
3075,212,-200.00,-200.00
3069,206,-200.00,-200.00
3062,199,-200.00,-200.00
3055,192,-200.00,-200.00
3049,186,-200.00,-200.00
3042,179,-200.00,-200.00
3036,172,-200.00,-200.00
3029,165,-200.00,-200.00
3022,159,-200.00,-200.00
3016,152,-200.00,-200.00
3009,145,-200.00,-200.00
3002,138,-200.00,-200.00
2996,132,-200.00,-200.00
2989,125,-200.00,-200.00
2982,118,-200.00,-200.00
2976,112,-200.00,-200.00
2969,105,-200.00,-200.00
2962,98,-200.00,-200.00
2956,91,-200.00,-200.00
2949,84,-200.00,-200.00
2942,78,-200.00,-200.00
2936,71,-200.00,-200.00
2929,64,-200.00,-200.00
2922,57,-200.00,-200.00
2916,51,-200.00,-200.00
2909,44,-200.00,-200.00
2902,37,-200.00,-200.00
2896,30,-200.00,-200.00
2889,23,-200.00,-200.00
2882,17,-200.00,-200.00
2876,10,-200.00,-200.00
2869,3,-200.00,-200.00
2862,-4,-200.00,-200.00
2855,-11,-200.00,-200.00
2849,-17,-200.00,-200.00
2842,-24,-200.00,-200.00
2835,-31,-200.00,-200.00
2829,-38,-200.00,-200.00
2822,-45,-200.00,-200.00
2815,-51,-200.00,-200.00
2809,-58,-200.00,-200.00
2802,-65,-200.00,-200.00
2795,-72,-200.00,-200.00
2788,-79,-200.00,-200.00
2782,-85,-200.00,-200.00
2775,-92,-200.00,-200.00
2768,-99,-200.00,-200.00
2762,-106,-200.00,-200.00
2755,-112,-200.00,-200.00
2749,-119,-200.00,-200.00
2742,-126,-200.00,-200.00
2735,-133,-200.00,-200.00
2729,-139,-200.00,-200.00
2722,-146,-200.00,-200.00
2715,-153,-200.00,-200.00
2709,-160,-200.00,-200.00
2702,-166,-200.00,-200.00
2696,-173,-200.00,-200.00
2689,-180,-200.00,-200.00
2682,-186,-200.00,-200.00
2676,-193,-200.00,-200.00
2669,-200,-200.00,-200.00
2662,-207,-200.00,-200.00
2656,-213,-200.00,-200.00
2649,-220,-200.00,-200.00
2642,-227,-200.00,-200.00
2636,-234,-200.00,-200.00
2629,-240,-200.00,-200.00
2622,-247,-200.00,-200.00
2616,-254,-200.00,-200.00
2609,-261,-200.00,-200.00
2603,-268,-200.00,-200.00
2596,-274,-200.00,-200.00
2589,-281,-200.00,-200.00
2583,-288,-200.00,-200.00
2576,-295,-200.00,-200.00
2569,-301,-200.00,-200.00
2563,-308,-200.00,-200.00
2556,-315,-200.00,-200.00
2549,-322,-200.00,-200.00
2543,-328,-200.00,-200.00
2536,-335,-200.00,-200.00
2529,-342,-200.00,-200.00
2523,-348,-200.00,-200.00
2516,-355,-200.00,-200.00
2510,-362,-200.00,-200.00
2503,-369,-200.00,-200.00
2496,-376,-200.00,-200.00
2489,-382,-200.00,-200.00
2483,-389,-200.00,-200.00
2476,-396,-200.00,-200.00
2469,-403,-200.00,-200.00
2462,-410,-200.00,-200.00
2456,-417,-200.00,-200.00
2449,-423,-200.00,-200.00
2442,-430,-200.00,-200.00
2435,-437,-200.00,-200.00
2429,-444,-200.00,-200.00
2422,-451,-200.00,-200.00
2415,-457,-200.00,-200.00
2409,-464,-200.00,-200.00
2402,-471,-200.00,-200.00
2395,-478,-200.00,-200.00
2388,-485,-200.00,-200.00
2382,-492,-200.00,-200.00
2375,-499,-200.00,-200.00
2368,-505,-200.00,-200.00
2362,-512,-200.00,-200.00
2355,-519,-200.00,-200.00
2348,-526,-200.00,-200.00
2341,-533,-200.00,-200.00
2335,-540,-200.00,-200.00
2328,-546,-200.00,-200.00
2321,-553,-200.00,-200.00
2315,-560,-200.00,-200.00
2308,-567,-200.00,-200.00
2301,-574,-200.00,-200.00
2295,-580,-200.00,-200.00
2288,-587,-200.00,-200.00
2281,-594,-200.00,-200.00
2275,-601,-200.00,-200.00
2268,-607,-200.00,-200.00
2261,-614,-200.00,-200.00
2255,-621,-200.00,-200.00
2248,-628,-200.00,-200.00
2241,-634,-200.00,-200.00
2235,-641,-200.00,-200.00
2228,-648,-200.00,-200.00
2221,-655,-200.00,-200.00
2215,-662,-200.00,-200.00
2208,-668,-200.00,-200.00
2201,-675,-200.00,-200.00
2195,-682,-200.00,-200.00
2188,-689,-200.00,-200.00
2181,-695,-200.00,-200.00
2175,-702,-200.00,-200.00
2168,-709,-200.00,-200.00
2161,-716,-200.00,-200.00
2155,-722,-200.00,-200.00
2148,-730,-200.00,-200.00
2141,-737,-200.00,-200.00
2134,-743,-200.00,-200.00
2127,-750,-200.00,-200.00
2121,-757,-200.00,-200.00
2114,-764,-200.00,-200.00
2107,-771,-200.00,-200.00
2100,-778,-200.00,-200.00
2094,-784,-200.00,-200.00
2087,-791,-200.00,-200.00
2080,-798,-200.00,-200.00
2073,-805,-200.00,-200.00
2067,-812,-200.00,-200.00
2060,-819,-200.00,-200.00
2053,-826,-200.00,-200.00
2047,-832,-200.00,-200.00
2040,-839,-200.00,-200.00
2033,-846,-200.00,-200.00
2026,-853,-200.00,-200.00
2020,-860,-200.00,-200.00
2013,-866,-200.00,-200.00
2006,-873,-200.00,-200.00
2000,-880,-200.00,-200.00
1993,-887,-200.00,-200.00
1987,-893,-200.00,-200.00
1980,-900,-200.00,-200.00
1973,-907,-200.00,-200.00
1967,-914,-200.00,-200.00
1960,-921,-200.00,-200.00
1953,-927,-200.00,-200.00
1947,-934,-200.00,-200.00
1940,-941,-200.00,-200.00
1933,-947,-200.00,-200.00
1927,-954,-200.00,-200.00
1920,-961,-200.00,-200.00
1913,-968,-200.00,-200.00
1907,-974,-200.00,-200.00
1900,-981,-200.00,-200.00
1894,-988,-200.00,-200.00
1887,-995,-200.00,-200.00
1880,-1001,-200.00,-200.00
1873,-1008,-200.00,-200.00
1867,-1015,-200.00,-200.00
1860,-1022,-200.00,-200.00
1854,-1028,-200.00,-200.00
1847,-1035,-200.00,-200.00
1840,-1042,-200.00,-200.00
1833,-1049,-200.00,-200.00
1827,-1056,-200.00,-200.00
1820,-1062,-200.00,-200.00
1814,-1069,-200.00,-200.00
1807,-1076,-200.00,-200.00
1800,-1083,-200.00,-200.00
1794,-1089,-200.00,-200.00
1787,-1096,-200.00,-200.00
1780,-1103,-200.00,-200.00
1774,-1110,-200.00,-200.00
1767,-1117,-200.00,-200.00
1760,-1123,-200.00,-200.00
1754,-1130,-200.00,-200.00
1747,-1137,-200.00,-200.00
1740,-1144,-200.00,-200.00
1734,-1150,-200.00,-200.00
1727,-1157,-200.00,-200.00
1720,-1164,-200.00,-200.00
1714,-1170,-200.00,-200.00
1707,-1177,-200.00,-200.00
1701,-1184,-200.00,-200.00
1694,-1191,-200.00,-200.00
1687,-1198,-200.00,-200.00
1681,-1204,-200.00,-200.00
1674,-1211,-200.00,-200.00
1667,-1218,-200.00,-200.00
1661,-1225,-200.00,-200.00
1654,-1231,-200.00,-200.00
1647,-1238,-200.00,-200.00
1641,-1245,-200.00,-200.00
1634,-1252,-200.00,-200.00
1627,-1258,-200.00,-200.00
1620,-1265,-200.00,-200.00
1614,-1272,-200.00,-200.00
1607,-1279,-200.00,-200.00
1600,-1286,-200.00,-200.00
1593,-1293,-200.00,-200.00
1587,-1300,-200.00,-200.00
1580,-1307,-200.00,-200.00
1573,-1314,-200.00,-200.00
1566,-1320,-200.00,-200.00
1560,-1327,-200.00,-200.00
1553,-1334,-200.00,-200.00
1546,-1341,-200.00,-200.00
1539,-1348,-200.00,-200.00
1532,-1355,-200.00,-200.00
1526,-1362,-200.00,-200.00
1519,-1369,-200.00,-200.00
1512,-1375,-200.00,-200.00
1505,-1382,-200.00,-200.00
1499,-1389,-200.00,-200.00
1492,-1396,-200.00,-200.00
1485,-1403,-200.00,-200.00
1479,-1409,-200.00,-200.00
1472,-1416,-200.00,-200.00
1465,-1423,-200.00,-200.00
1458,-1430,-200.00,-200.00
1451,-1437,-200.00,-200.00
1445,-1444,-200.00,-200.00
1438,-1451,-200.00,-200.00
1431,-1458,-200.00,-200.00
1424,-1465,-200.00,-200.00
1418,-1471,-200.00,-200.00
1411,-1478,-200.00,-200.00
1404,-1485,-200.00,-200.00
1397,-1492,-200.00,-200.00
1391,-1499,-200.00,-200.00
1384,-1506,-200.00,-200.00
1377,-1512,-200.00,-200.00
1370,-1519,-200.00,-200.00
1364,-1526,-200.00,-200.00
1357,-1533,-200.00,-200.00
1350,-1540,-200.00,-200.00
1344,-1547,-200.00,-200.00
1337,-1553,-200.00,-200.00
1330,-1560,-200.00,-200.00
1324,-1567,-200.00,-200.00
1317,-1574,-200.00,-200.00
1310,-1580,-200.00,-200.00
1304,-1587,-200.00,-200.00
1297,-1594,-200.00,-200.00
1290,-1601,-200.00,-200.00
1284,-1608,-200.00,-200.00
1277,-1614,-200.00,-200.00
1270,-1621,-200.00,-200.00
1264,-1628,-200.00,-200.00
1257,-1635,-200.00,-200.00
1250,-1642,-200.00,-200.00
1244,-1648,-200.00,-200.00
1237,-1655,200.00,200.00
1231,-1661,200.00,200.00
1225,-1668,200.00,200.00
1219,-1674,200.00,200.00
1214,-1679,200.00,200.00
1209,-1685,200.00,200.00
1204,-1690,200.00,200.00
1199,-1695,200.00,200.00
1195,-1701,200.00,200.00
1191,-1706,200.00,200.00
1187,-1710,200.00,200.00
1184,-1715,200.00,200.00
1181,-1719,200.00,200.00
1178,-1723,200.00,200.00
1175,-1727,200.00,200.00
1172,-1732,200.00,200.00
1170,-1735,200.00,200.00
1168,-1739,200.00,200.00
1166,-1742,200.00,200.00
1165,-1746,200.00,200.00
1163,-1749,200.00,200.00
1162,-1752,200.00,200.00
1161,-1755,200.00,200.00
1160,-1757,200.00,200.00
1160,-1760,200.00,200.00
1159,-1762,200.00,200.00
1159,-1765,200.00,200.00
1159,-1767,200.00,200.00
1159,-1769,200.00,200.00
1159,-1771,200.00,200.00
1159,-1772,200.00,200.00
1160,-1774,200.00,200.00
1160,-1776,200.00,200.00
1161,-1777,200.00,200.00
1162,-1778,200.00,200.00
1163,-1779,200.00,200.00
1165,-1780,200.00,200.00
1166,-1781,200.00,200.00
1168,-1782,200.00,200.00
1169,-1782,200.00,200.00
1171,-1783,200.00,200.00
1173,-1783,200.00,200.00
1175,-1783,200.00,200.00
1177,-1783,200.00,200.00
1179,-1783,200.00,200.00
1181,-1783,200.00,200.00
1183,-1783,200.00,200.00
1186,-1782,200.00,200.00
1188,-1781,200.00,200.00
1191,-1781,200.00,200.00
1194,-1780,200.00,200.00
1197,-1779,200.00,200.00
1199,-1777,200.00,200.00
1202,-1776,200.00,200.00
1206,-1775,200.00,200.00
1209,-1773,200.00,200.00
1212,-1771,200.00,200.00
1215,-1770,200.00,200.00
1218,-1768,200.00,200.00
1222,-1766,200.00,200.00
1225,-1764,200.00,200.00
1229,-1761,200.00,200.00
1232,-1759,200.00,200.00
1236,-1757,200.00,200.00
1240,-1754,200.00,200.00
1244,-1752,200.00,200.00
1248,-1749,200.00,200.00
1252,-1746,200.00,200.00
1256,-1743,200.00,200.00
1260,-1741,200.00,200.00
1264,-1738,200.00,200.00
1268,-1734,200.00,200.00
1273,-1731,200.00,200.00
1277,-1728,200.00,200.00
1281,-1725,200.00,200.00
1286,-1721,200.00,200.00
1290,-1718,200.00,200.00
1294,-1714,200.00,200.00
1299,-1711,200.00,200.00
1304,-1707,200.00,200.00
1308,-1704,200.00,200.00
1313,-1700,200.00,200.00
1317,-1696,200.00,200.00
1322,-1692,200.00,200.00
1327,-1688,200.00,200.00
1332,-1684,200.00,200.00
1337,-1680,200.00,200.00
1342,-1676,200.00,200.00
1347,-1672,200.00,200.00
1352,-1667,200.00,200.00
1357,-1663,200.00,200.00
1362,-1659,200.00,200.00
1367,-1654,200.00,200.00
1373,-1650,200.00,200.00
1378,-1645,200.00,200.00
1383,-1641,200.00,200.00
1388,-1636,200.00,200.00
1394,-1632,200.00,200.00
1399,-1627,200.00,200.00
1404,-1622,200.00,200.00
1410,-1617,200.00,200.00
1415,-1613,200.00,200.00
1421,-1608,200.00,200.00
1426,-1603,200.00,200.00
1432,-1598,200.00,200.00
1437,-1593,200.00,200.00
1443,-1588,200.00,200.00
1448,-1583,200.00,200.00
1454,-1578,200.00,200.00
1460,-1573,200.00,200.00
1465,-1568,200.00,200.00
1471,-1562,200.00,200.00
1477,-1557,200.00,200.00
1483,-1552,200.00,200.00
1488,-1547,200.00,200.00
1494,-1542,200.00,200.00
1500,-1536,200.00,200.00
1506,-1531,200.00,200.00
1511,-1526,200.00,200.00
1517,-1521,200.00,200.00
1523,-1516,200.00,200.00
1529,-1510,200.00,200.00
1535,-1505,200.00,200.00
1541,-1499,200.00,200.00
1547,-1494,200.00,200.00
1552,-1488,200.00,200.00
1558,-1483,200.00,200.00
1564,-1477,200.00,200.00
1570,-1472,200.00,200.00
1576,-1466,200.00,200.00
1582,-1461,200.00,200.00
1588,-1455,200.00,200.00
1594,-1450,200.00,200.00
1600,-1444,200.00,200.00
1606,-1438,200.00,200.00
1612,-1433,200.00,200.00
1619,-1427,200.00,200.00
1625,-1421,200.00,200.00
1631,-1415,200.00,200.00
1637,-1409,200.00,200.00
1643,-1404,200.00,200.00
1649,-1398,200.00,200.00
1656,-1392,200.00,200.00
1662,-1386,200.00,200.00
1668,-1380,200.00,200.00
1674,-1374,200.00,200.00
1681,-1369,200.00,200.00
1687,-1363,200.00,200.00
1693,-1357,200.00,200.00
1699,-1351,200.00,200.00
1706,-1345,200.00,200.00
1712,-1339,200.00,200.00
1718,-1333,200.00,200.00
1725,-1327,200.00,200.00
1731,-1321,200.00,200.00
1737,-1315,200.00,200.00
1744,-1309,200.00,200.00
1750,-1303,200.00,200.00
1756,-1297,200.00,200.00
1763,-1291,200.00,200.00
1769,-1285,200.00,200.00
1775,-1279,200.00,200.00
1782,-1273,200.00,200.00
1788,-1267,200.00,200.00
1794,-1261,200.00,200.00
1801,-1255,200.00,200.00
1807,-1248,200.00,200.00
1814,-1242,200.00,200.00
1820,-1236,200.00,200.00
1827,-1230,200.00,200.00
1833,-1224,200.00,200.00
1839,-1218,200.00,200.00
1846,-1212,200.00,200.00
1852,-1206,200.00,200.00
1858,-1200,200.00,200.00
1865,-1194,200.00,200.00
1871,-1187,200.00,200.00
1877,-1181,200.00,200.00
1884,-1175,200.00,200.00
1890,-1169,200.00,200.00
1897,-1163,200.00,200.00
1903,-1157,200.00,200.00
1910,-1150,200.00,200.00
1916,-1144,200.00,200.00
1923,-1138,200.00,200.00
1929,-1132,200.00,200.00
1936,-1126,200.00,200.00
1942,-1119,200.00,200.00
1948,-1113,200.00,200.00
1955,-1107,200.00,200.00
1961,-1101,200.00,200.00
1968,-1094,200.00,200.00
1975,-1088,200.00,200.00
1981,-1082,200.00,200.00
1988,-1076,200.00,200.00
1994,-1069,200.00,200.00
2001,-1063,200.00,200.00
2007,-1057,200.00,200.00
2014,-1050,200.00,200.00
2020,-1044,200.00,200.00
2027,-1038,200.00,200.00
2034,-1031,200.00,200.00
2040,-1025,200.00,200.00
2047,-1019,200.00,200.00
2053,-1012,200.00,200.00
2060,-1006,200.00,200.00
2067,-1000,200.00,200.00
2073,-993,200.00,200.00
2079,-987,200.00,200.00
2086,-981,200.00,200.00
2092,-975,200.00,200.00
2099,-969,200.00,200.00
2105,-962,200.00,200.00
2112,-956,200.00,200.00
2119,-949,200.00,200.00
2125,-943,200.00,200.00
2132,-937,200.00,200.00
2138,-930,200.00,200.00
2145,-924,200.00,200.00
2151,-918,200.00,200.00
2158,-912,200.00,200.00
2165,-905,200.00,200.00
2171,-899,200.00,200.00
2178,-892,200.00,200.00
2184,-886,200.00,200.00
2191,-880,200.00,200.00
2198,-873,200.00,200.00
2204,-867,200.00,200.00
2211,-861,200.00,200.00
2217,-854,200.00,200.00
2224,-848,200.00,200.00
2231,-841,200.00,200.00
2237,-835,200.00,200.00
2244,-828,200.00,200.00
2251,-822,200.00,200.00
2257,-816,200.00,200.00
2264,-809,200.00,200.00
2271,-803,200.00,200.00
2277,-796,200.00,200.00
2284,-790,200.00,200.00
2290,-784,200.00,200.00
2297,-777,200.00,200.00
2304,-771,200.00,200.00
2310,-764,200.00,200.00
2317,-758,200.00,200.00
2323,-752,200.00,200.00
2330,-745,200.00,200.00
2337,-739,200.00,200.00
2343,-732,200.00,200.00
2350,-726,200.00,200.00
2356,-720,200.00,200.00
2363,-713,200.00,200.00
2370,-707,200.00,200.00
2377,-700,200.00,200.00
2383,-694,200.00,200.00
2390,-687,200.00,200.00
2397,-681,200.00,200.00
2403,-674,200.00,200.00
2410,-668,200.00,200.00
2417,-661,200.00,200.00
2423,-655,200.00,200.00
2430,-648,200.00,200.00
2437,-642,200.00,200.00
2444,-635,200.00,200.00
2450,-629,200.00,200.00
2457,-623,200.00,200.00
2463,-616,200.00,200.00
2470,-610,200.00,200.00
2477,-603,200.00,200.00
2483,-597,200.00,200.00
2490,-590,200.00,200.00
2497,-584,200.00,200.00
2504,-577,200.00,200.00
2510,-571,200.00,200.00
2517,-564,200.00,200.00
2524,-558,200.00,200.00
2530,-551,200.00,200.00
2537,-545,200.00,200.00
2544,-538,200.00,200.00
2551,-532,200.00,200.00
2557,-525,200.00,200.00
2564,-519,200.00,200.00
2571,-512,200.00,200.00
2577,-506,200.00,200.00
2584,-499,200.00,200.00
2591,-493,200.00,200.00
2597,-486,200.00,200.00
2604,-480,200.00,200.00
2610,-474,200.00,200.00
2617,-467,200.00,200.00
2624,-461,200.00,200.00
2630,-454,200.00,200.00
2637,-448,200.00,200.00
2644,-441,200.00,200.00
2650,-435,200.00,200.00
2657,-429,200.00,200.00
2664,-422,200.00,200.00
2670,-416,200.00,200.00
2677,-409,200.00,200.00
2684,-403,200.00,200.00
2690,-396,200.00,200.00
2697,-390,200.00,200.00
2704,-383,200.00,200.00
2711,-376,200.00,200.00
2717,-370,200.00,200.00
2724,-363,200.00,200.00
2731,-357,200.00,200.00
2738,-350,200.00,200.00
2744,-344,200.00,200.00
2751,-337,200.00,200.00
2758,-331,200.00,200.00
2764,-324,200.00,200.00
2771,-318,200.00,200.00
2778,-311,200.00,200.00
2785,-305,200.00,200.00
2791,-298,200.00,200.00
2798,-292,200.00,200.00
2805,-285,200.00,200.00
2811,-279,200.00,200.00
2818,-272,200.00,200.00
2825,-266,200.00,200.00
2832,-259,200.00,200.00
2838,-253,200.00,200.00
2845,-246,200.00,200.00
2852,-240,200.00,200.00
2859,-233,200.00,200.00
2865,-227,200.00,200.00
2872,-220,200.00,200.00
2878,-214,200.00,200.00
2885,-207,200.00,200.00
2892,-201,200.00,200.00
2899,-194,200.00,200.00
2905,-188,200.00,200.00
2912,-181,200.00,200.00
2919,-175,200.00,200.00
2925,-169,200.00,200.00
2932,-162,200.00,200.00
2939,-156,200.00,200.00
2945,-149,200.00,200.00
2952,-143,200.00,200.00
2959,-136,200.00,200.00
2965,-130,200.00,200.00
2972,-123,200.00,200.00
2979,-117,200.00,200.00
2985,-110,200.00,200.00
2992,-104,200.00,200.00
2999,-97,200.00,200.00
3006,-90,200.00,200.00
3013,-84,200.00,200.00
3019,-77,200.00,200.00
3026,-71,200.00,200.00
3033,-64,200.00,200.00
3039,-58,200.00,200.00
3046,-51,200.00,200.00
3053,-45,200.00,200.00
3060,-38,200.00,200.00
3066,-32,200.00,200.00
3073,-25,200.00,200.00
3080,-18,200.00,200.00
3087,-12,200.00,200.00
3094,-5,200.00,200.00
3100,1,200.00,200.00
3107,8,200.00,200.00
3113,14,200.00,200.00
3120,20,200.00,200.00
3127,27,200.00,200.00
3133,33,200.00,200.00
3140,39,200.00,200.00
3146,46,200.00,200.00
3153,52,200.00,200.00
3159,59,200.00,200.00
3166,65,200.00,200.00
3173,71,200.00,200.00
3179,78,200.00,200.00
3186,84,200.00,200.00
3192,91,200.00,200.00
3199,97,200.00,200.00
3205,103,200.00,200.00
3212,109,200.00,200.00
3218,116,200.00,200.00
3225,122,200.00,200.00
3231,129,200.00,200.00
3238,135,200.00,200.00
3245,141,200.00,200.00
3251,148,200.00,200.00
3258,154,200.00,200.00
3264,161,200.00,200.00
3271,167,200.00,200.00
3277,173,200.00,200.00
3284,179,200.00,200.00
3290,186,200.00,200.00
3297,192,200.00,200.00
3304,199,200.00,200.00
3310,205,200.00,200.00
3317,211,200.00,200.00
3323,218,200.00,200.00
3330,224,200.00,200.00
3337,231,200.00,200.00
3343,237,200.00,200.00
3350,243,200.00,200.00
3356,250,200.00,200.00
3363,256,200.00,200.00
3369,262,200.00,200.00
3376,269,200.00,200.00
3383,275,200.00,200.00
3389,281,200.00,200.00
3395,288,200.00,200.00
3402,294,200.00,200.00
3409,300,200.00,200.00
3415,307,200.00,200.00
3422,313,200.00,200.00
3428,319,200.00,200.00
3434,326,200.00,200.00
3441,332,200.00,200.00
3448,338,200.00,200.00
3454,345,200.00,200.00
3461,351,200.00,200.00
3467,357,200.00,200.00
3474,364,200.00,200.00
3480,370,200.00,200.00
3487,377,200.00,200.00
3494,383,200.00,200.00
3500,389,200.00,200.00
3507,396,200.00,200.00
3513,402,200.00,200.00
3520,408,200.00,200.00
3526,414,200.00,200.00
3533,421,200.00,200.00
3539,427,200.00,200.00
3546,433,200.00,200.00
3552,440,200.00,200.00
3559,446,200.00,200.00
3566,453,200.00,200.00
3572,459,200.00,200.00
3579,466,200.00,200.00
3585,472,200.00,200.00
3592,478,200.00,200.00
3598,485,200.00,200.00
3605,491,200.00,200.00
3611,497,200.00,200.00
3618,504,200.00,200.00
3624,510,200.00,200.00
3631,516,200.00,200.00
3638,523,200.00,200.00
3644,529,200.00,200.00
3651,535,200.00,200.00
3657,542,200.00,200.00
3663,548,200.00,200.00
3670,554,200.00,200.00
3677,561,200.00,200.00
3683,567,200.00,200.00
3690,573,200.00,200.00
3696,580,200.00,200.00
3703,586,200.00,200.00
3709,592,200.00,200.00
3716,599,200.00,200.00
3722,605,200.00,200.00
3729,611,200.00,200.00
3735,618,200.00,200.00
3742,624,200.00,200.00
3749,630,200.00,200.00
3755,637,200.00,200.00
3762,643,200.00,200.00
3768,650,200.00,200.00
3775,656,200.00,200.00
3782,662,200.00,200.00
3789,669,200.00,200.00
3795,676,200.00,200.00
3803,683,200.00,200.00
3810,689,200.00,200.00
3816,696,200.00,200.00
3823,702,200.00,200.00
3829,709,200.00,200.00
3836,715,200.00,200.00
3842,721,200.00,200.00
3849,728,200.00,200.00
3856,734,200.00,200.00
3862,741,200.00,200.00
3869,747,200.00,200.00
3875,753,200.00,200.00
3882,760,200.00,200.00
3888,766,200.00,200.00
3895,772,200.00,200.00
3902,779,200.00,200.00
3908,785,200.00,200.00
3915,791,200.00,200.00
3921,798,200.00,200.00
3928,804,200.00,200.00
3934,810,200.00,200.00
3941,817,200.00,200.00
3947,823,200.00,200.00
3954,829,200.00,200.00
3960,836,200.00,200.00
3967,842,200.00,200.00
3974,849,200.00,200.00
3980,855,200.00,200.00
3987,862,200.00,200.00
3994,868,200.00,200.00
4000,874,200.00,200.00
4007,881,200.00,200.00
4013,887,200.00,200.00
4020,894,200.00,200.00
4027,900,200.00,200.00
4033,907,200.00,200.00
4040,913,200.00,200.00
4046,919,200.00,200.00
4053,926,200.00,200.00
4060,932,200.00,200.00
4066,939,200.00,200.00
4073,945,200.00,200.00
4079,951,200.00,200.00
4086,958,200.00,200.00
4092,964,200.00,200.00
4099,970,200.00,200.00
4106,977,200.00,200.00
4112,983,200.00,200.00
4119,990,200.00,200.00
4125,996,200.00,200.00
4132,1002,200.00,200.00
4138,1008,200.00,200.00
4145,1015,200.00,200.00
4151,1021,200.00,200.00
4158,1028,200.00,200.00
4165,1035,200.00,200.00
4172,1041,200.00,200.00
4179,1048,200.00,200.00
4185,1054,200.00,200.00
4192,1061,200.00,200.00
4198,1067,200.00,200.00
4205,1073,200.00,200.00
4211,1080,200.00,200.00
4218,1086,200.00,200.00
4225,1093,200.00,200.00
4231,1099,200.00,200.00
4238,1105,200.00,200.00
4244,1112,200.00,200.00
4251,1118,200.00,200.00
4257,1124,200.00,200.00
4264,1131,200.00,200.00
4271,1137,200.00,200.00
4277,1144,200.00,200.00
4284,1150,200.00,200.00
4291,1157,200.00,200.00
4297,1163,200.00,200.00
4304,1170,200.00,200.00
4310,1176,200.00,200.00
4317,1182,200.00,200.00
4323,1188,200.00,200.00
4330,1195,200.00,200.00
4336,1201,200.00,200.00
4343,1208,200.00,200.00
4350,1214,200.00,200.00
4356,1220,200.00,200.00
4363,1227,200.00,200.00
4369,1233,200.00,200.00
4376,1240,200.00,200.00
4382,1246,200.00,200.00
4389,1252,200.00,200.00
4395,1259,200.00,200.00
4402,1265,200.00,200.00
4408,1271,200.00,200.00
4415,1278,200.00,200.00
4422,1284,200.00,200.00
4429,1291,200.00,200.00
4435,1297,200.00,200.00
4442,1304,200.00,200.00
4448,1310,200.00,200.00
4455,1316,200.00,200.00
4461,1322,200.00,200.00
4468,1329,200.00,200.00
4474,1335,200.00,200.00
4481,1342,200.00,200.00
4488,1348,200.00,200.00
4494,1354,200.00,200.00
4501,1361,200.00,200.00
4507,1367,200.00,200.00
4514,1373,200.00,200.00
4520,1380,200.00,200.00
4526,1386,200.00,200.00
4533,1392,200.00,200.00
4539,1398,200.00,200.00
4546,1405,200.00,200.00
4553,1411,200.00,200.00
4559,1418,200.00,200.00
4566,1424,200.00,200.00
4572,1430,200.00,200.00
4579,1437,200.00,200.00
4585,1443,200.00,200.00
4592,1449,200.00,200.00
4598,1456,200.00,200.00
4605,1462,200.00,200.00
4612,1469,200.00,200.00
4618,1475,200.00,200.00
4625,1481,200.00,200.00
4631,1487,200.00,200.00
4638,1494,200.00,200.00
4644,1500,200.00,200.00
4651,1507,200.00,200.00
4657,1513,200.00,200.00
4664,1519,200.00,200.00
4670,1526,200.00,200.00
4677,1532,200.00,200.00
4684,1539,200.00,200.00
4690,1545,200.00,200.00
4697,1551,200.00,200.00
4703,1558,200.00,200.00
4710,1564,200.00,200.00
4716,1570,200.00,200.00
4723,1577,200.00,200.00
4730,1583,200.00,200.00
4736,1590,200.00,200.00
4743,1596,200.00,200.00
4749,1602,200.00,200.00
4756,1609,200.00,200.00
4762,1615,200.00,200.00
4769,1621,200.00,200.00
4776,1628,200.00,200.00
4782,1634,200.00,200.00
4789,1641,200.00,200.00
4795,1647,200.00,200.00
4802,1653,200.00,200.00
4808,1660,200.00,200.00
4815,1666,200.00,200.00
4822,1672,200.00,200.00
4828,1679,200.00,200.00
4835,1685,200.00,200.00
4841,1692,200.00,200.00
4848,1698,200.00,200.00
4854,1704,200.00,200.00
4861,1711,200.00,200.00
4867,1717,200.00,200.00
4874,1723,200.00,200.00
4881,1730,200.00,200.00
4887,1737,200.00,200.00
4894,1743,200.00,200.00
4900,1749,200.00,200.00
4907,1755,200.00,200.00
4913,1762,200.00,200.00
4920,1768,200.00,200.00
4927,1775,200.00,200.00
4933,1781,200.00,200.00
4940,1787,200.00,200.00
4946,1794,200.00,200.00
4953,1800,200.00,200.00
4959,1806,200.00,200.00
4966,1813,200.00,200.00
4972,1819,200.00,200.00
4979,1825,200.00,200.00
4986,1832,200.00,200.00
4992,1838,200.00,200.00
4999,1845,200.00,200.00
5005,1851,200.00,200.00
5012,1858,200.00,200.00
5018,1864,200.00,200.00
5025,1870,200.00,200.00
5032,1877,200.00,200.00
5038,1883,200.00,200.00
